
/Users/burnschris/Git/hoverboard-robot/.pio/build/gausstop_master/firmware.elf:     file format elf32-littlearm


Disassembly of section .text:

08000168 <__aeabi_uldivmod>:
 8000168:	b953      	cbnz	r3, 8000180 <__aeabi_uldivmod+0x18>
 800016a:	b94a      	cbnz	r2, 8000180 <__aeabi_uldivmod+0x18>
 800016c:	2900      	cmp	r1, #0
 800016e:	bf08      	it	eq
 8000170:	2800      	cmpeq	r0, #0
 8000172:	bf1c      	itt	ne
 8000174:	f04f 31ff 	movne.w	r1, #4294967295	@ 0xffffffff
 8000178:	f04f 30ff 	movne.w	r0, #4294967295	@ 0xffffffff
 800017c:	f000 b80c 	b.w	8000198 <__aeabi_idiv0>
 8000180:	f1ad 0c08 	sub.w	ip, sp, #8
 8000184:	e96d ce04 	strd	ip, lr, [sp, #-16]!
 8000188:	f002 f9fa 	bl	8002580 <__udivmoddi4>
 800018c:	f8dd e004 	ldr.w	lr, [sp, #4]
 8000190:	e9dd 2302 	ldrd	r2, r3, [sp, #8]
 8000194:	b004      	add	sp, #16
 8000196:	4770      	bx	lr

08000198 <__aeabi_idiv0>:
 8000198:	4770      	bx	lr
 800019a:	bf00      	nop

0800019c <deregister_tm_clones>:
 800019c:	4803      	ldr	r0, [pc, #12]	@ (80001ac <deregister_tm_clones+0x10>)
 800019e:	4b04      	ldr	r3, [pc, #16]	@ (80001b0 <deregister_tm_clones+0x14>)
 80001a0:	4283      	cmp	r3, r0
 80001a2:	d002      	beq.n	80001aa <deregister_tm_clones+0xe>
 80001a4:	4b03      	ldr	r3, [pc, #12]	@ (80001b4 <deregister_tm_clones+0x18>)
 80001a6:	b103      	cbz	r3, 80001aa <deregister_tm_clones+0xe>
 80001a8:	4718      	bx	r3
 80001aa:	4770      	bx	lr
 80001ac:	20000000 	.word	0x20000000
 80001b0:	20000000 	.word	0x20000000
 80001b4:	00000000 	.word	0x00000000

080001b8 <register_tm_clones>:
 80001b8:	4805      	ldr	r0, [pc, #20]	@ (80001d0 <register_tm_clones+0x18>)
 80001ba:	4b06      	ldr	r3, [pc, #24]	@ (80001d4 <register_tm_clones+0x1c>)
 80001bc:	1a1b      	subs	r3, r3, r0
 80001be:	0fd9      	lsrs	r1, r3, #31
 80001c0:	eb01 01a3 	add.w	r1, r1, r3, asr #2
 80001c4:	1049      	asrs	r1, r1, #1
 80001c6:	d002      	beq.n	80001ce <register_tm_clones+0x16>
 80001c8:	4b03      	ldr	r3, [pc, #12]	@ (80001d8 <register_tm_clones+0x20>)
 80001ca:	b103      	cbz	r3, 80001ce <register_tm_clones+0x16>
 80001cc:	4718      	bx	r3
 80001ce:	4770      	bx	lr
 80001d0:	20000000 	.word	0x20000000
 80001d4:	20000000 	.word	0x20000000
 80001d8:	00000000 	.word	0x00000000

080001dc <__do_global_dtors_aux>:
 80001dc:	b510      	push	{r4, lr}
 80001de:	4c06      	ldr	r4, [pc, #24]	@ (80001f8 <__do_global_dtors_aux+0x1c>)
 80001e0:	7823      	ldrb	r3, [r4, #0]
 80001e2:	b943      	cbnz	r3, 80001f6 <__do_global_dtors_aux+0x1a>
 80001e4:	f7ff ffda 	bl	800019c <deregister_tm_clones>
 80001e8:	4b04      	ldr	r3, [pc, #16]	@ (80001fc <__do_global_dtors_aux+0x20>)
 80001ea:	b113      	cbz	r3, 80001f2 <__do_global_dtors_aux+0x16>
 80001ec:	4804      	ldr	r0, [pc, #16]	@ (8000200 <__do_global_dtors_aux+0x24>)
 80001ee:	f3af 8000 	nop.w
 80001f2:	2301      	movs	r3, #1
 80001f4:	7023      	strb	r3, [r4, #0]
 80001f6:	bd10      	pop	{r4, pc}
 80001f8:	20000000 	.word	0x20000000
 80001fc:	00000000 	.word	0x00000000
 8000200:	080036f4 	.word	0x080036f4

08000204 <frame_dummy>:
 8000204:	b508      	push	{r3, lr}
 8000206:	4b05      	ldr	r3, [pc, #20]	@ (800021c <frame_dummy+0x18>)
 8000208:	b11b      	cbz	r3, 8000212 <frame_dummy+0xe>
 800020a:	4905      	ldr	r1, [pc, #20]	@ (8000220 <frame_dummy+0x1c>)
 800020c:	4805      	ldr	r0, [pc, #20]	@ (8000224 <frame_dummy+0x20>)
 800020e:	f3af 8000 	nop.w
 8000212:	e8bd 4008 	ldmia.w	sp!, {r3, lr}
 8000216:	f7ff bfcf 	b.w	80001b8 <register_tm_clones>
 800021a:	bf00      	nop
 800021c:	00000000 	.word	0x00000000
 8000220:	20000004 	.word	0x20000004
 8000224:	080036f4 	.word	0x080036f4

08000228 <Reset_Handler>:
 8000228:	2100      	movs	r1, #0
 800022a:	e003      	b.n	8000234 <LoopCopyDataInit>

0800022c <CopyDataInit>:
 800022c:	4b0b      	ldr	r3, [pc, #44]	@ (800025c <LoopFillZerobss+0x14>)
 800022e:	585b      	ldr	r3, [r3, r1]
 8000230:	5043      	str	r3, [r0, r1]
 8000232:	3104      	adds	r1, #4

08000234 <LoopCopyDataInit>:
 8000234:	480a      	ldr	r0, [pc, #40]	@ (8000260 <LoopFillZerobss+0x18>)
 8000236:	4b0b      	ldr	r3, [pc, #44]	@ (8000264 <LoopFillZerobss+0x1c>)
 8000238:	1842      	adds	r2, r0, r1
 800023a:	429a      	cmp	r2, r3
 800023c:	d3f6      	bcc.n	800022c <CopyDataInit>
 800023e:	4a0a      	ldr	r2, [pc, #40]	@ (8000268 <LoopFillZerobss+0x20>)
 8000240:	e002      	b.n	8000248 <LoopFillZerobss>

08000242 <FillZerobss>:
 8000242:	2300      	movs	r3, #0
 8000244:	6013      	str	r3, [r2, #0]
 8000246:	3204      	adds	r2, #4

08000248 <LoopFillZerobss>:
 8000248:	4b08      	ldr	r3, [pc, #32]	@ (800026c <LoopFillZerobss+0x24>)
 800024a:	429a      	cmp	r2, r3
 800024c:	d3f9      	bcc.n	8000242 <FillZerobss>
 800024e:	f002 fb11 	bl	8002874 <SystemInit>
 8000252:	f002 f963 	bl	800251c <__libc_init_array>
 8000256:	f001 fe97 	bl	8001f88 <main>
 800025a:	4770      	bx	lr
 800025c:	08003794 	.word	0x08003794
 8000260:	20000000 	.word	0x20000000
 8000264:	20000000 	.word	0x20000000
 8000268:	20000000 	.word	0x20000000
 800026c:	200004e0 	.word	0x200004e0

08000270 <ADC_CMP_IRQHandler>:
 8000270:	e7fe      	b.n	8000270 <ADC_CMP_IRQHandler>
	...

08000274 <write_bridge_plan>:
 8000274:	b510      	push	{r4, lr}
 8000276:	4604      	mov	r4, r0
 8000278:	8802      	ldrh	r2, [r0, #0]
 800027a:	2102      	movs	r1, #2
 800027c:	4807      	ldr	r0, [pc, #28]	@ (800029c <write_bridge_plan+0x28>)
 800027e:	f003 f913 	bl	80034a8 <timer_channel_output_pulse_value_config>
 8000282:	8862      	ldrh	r2, [r4, #2]
 8000284:	2100      	movs	r1, #0
 8000286:	4805      	ldr	r0, [pc, #20]	@ (800029c <write_bridge_plan+0x28>)
 8000288:	f003 f90e 	bl	80034a8 <timer_channel_output_pulse_value_config>
 800028c:	88a2      	ldrh	r2, [r4, #4]
 800028e:	2101      	movs	r1, #1
 8000290:	e8bd 4010 	ldmia.w	sp!, {r4, lr}
 8000294:	4801      	ldr	r0, [pc, #4]	@ (800029c <write_bridge_plan+0x28>)
 8000296:	f003 b907 	b.w	80034a8 <timer_channel_output_pulse_value_config>
 800029a:	bf00      	nop
 800029c:	40012c00 	.word	0x40012c00

080002a0 <gs_board_bridge_off>:
 80002a0:	b570      	push	{r4, r5, r6, lr}
 80002a2:	2100      	movs	r1, #0
 80002a4:	480c      	ldr	r0, [pc, #48]	@ (80002d8 <gs_board_bridge_off+0x38>)
 80002a6:	f002 ffd8 	bl	800325a <timer_primary_output_config>
 80002aa:	2403      	movs	r4, #3
 80002ac:	4e0b      	ldr	r6, [pc, #44]	@ (80002dc <gs_board_bridge_off+0x3c>)
 80002ae:	f836 5b02 	ldrh.w	r5, [r6], #2
 80002b2:	2200      	movs	r2, #0
 80002b4:	4629      	mov	r1, r5
 80002b6:	4808      	ldr	r0, [pc, #32]	@ (80002d8 <gs_board_bridge_off+0x38>)
 80002b8:	f003 f950 	bl	800355c <timer_channel_output_state_config>
 80002bc:	3c01      	subs	r4, #1
 80002be:	2200      	movs	r2, #0
 80002c0:	4629      	mov	r1, r5
 80002c2:	4805      	ldr	r0, [pc, #20]	@ (80002d8 <gs_board_bridge_off+0x38>)
 80002c4:	f003 f970 	bl	80035a8 <timer_channel_complementary_output_state_config>
 80002c8:	f014 04ff 	ands.w	r4, r4, #255	@ 0xff
 80002cc:	d1ef      	bne.n	80002ae <gs_board_bridge_off+0xe>
 80002ce:	4b04      	ldr	r3, [pc, #16]	@ (80002e0 <gs_board_bridge_off+0x40>)
 80002d0:	701c      	strb	r4, [r3, #0]
 80002d2:	4b04      	ldr	r3, [pc, #16]	@ (80002e4 <gs_board_bridge_off+0x44>)
 80002d4:	701c      	strb	r4, [r3, #0]
 80002d6:	bd70      	pop	{r4, r5, r6, pc}
 80002d8:	40012c00 	.word	0x40012c00
 80002dc:	08003734 	.word	0x08003734
 80002e0:	2000001d 	.word	0x2000001d
 80002e4:	2000001c 	.word	0x2000001c

080002e8 <service_uart_rx>:
 80002e8:	4b20      	ldr	r3, [pc, #128]	@ (800036c <service_uart_rx+0x84>)
 80002ea:	b570      	push	{r4, r5, r6, lr}
 80002ec:	1e04      	subs	r4, r0, #0
 80002ee:	4820      	ldr	r0, [pc, #128]	@ (8000370 <service_uart_rx+0x88>)
 80002f0:	bf08      	it	eq
 80002f2:	4618      	moveq	r0, r3
 80002f4:	69c2      	ldr	r2, [r0, #28]
 80002f6:	f012 0308 	ands.w	r3, r2, #8
 80002fa:	d007      	beq.n	800030c <service_uart_rx+0x24>
 80002fc:	2114      	movs	r1, #20
 80002fe:	4b1d      	ldr	r3, [pc, #116]	@ (8000374 <service_uart_rx+0x8c>)
 8000300:	fb01 3304 	mla	r3, r1, r4, r3
 8000304:	6899      	ldr	r1, [r3, #8]
 8000306:	3101      	adds	r1, #1
 8000308:	6099      	str	r1, [r3, #8]
 800030a:	2308      	movs	r3, #8
 800030c:	0751      	lsls	r1, r2, #29
 800030e:	d029      	beq.n	8000364 <service_uart_rx+0x7c>
 8000310:	2514      	movs	r5, #20
 8000312:	4918      	ldr	r1, [pc, #96]	@ (8000374 <service_uart_rx+0x8c>)
 8000314:	f043 0307 	orr.w	r3, r3, #7
 8000318:	fb05 1104 	mla	r1, r5, r4, r1
 800031c:	690d      	ldr	r5, [r1, #16]
 800031e:	3501      	adds	r5, #1
 8000320:	610d      	str	r5, [r1, #16]
 8000322:	6203      	str	r3, [r0, #32]
 8000324:	0693      	lsls	r3, r2, #26
 8000326:	d51c      	bpl.n	8000362 <service_uart_rx+0x7a>
 8000328:	f003 f9df 	bl	80036ea <usart_data_receive>
 800032c:	2314      	movs	r3, #20
 800032e:	4363      	muls	r3, r4
 8000330:	4a10      	ldr	r2, [pc, #64]	@ (8000374 <service_uart_rx+0x8c>)
 8000332:	b2c0      	uxtb	r0, r0
 8000334:	58d1      	ldr	r1, [r2, r3]
 8000336:	18d5      	adds	r5, r2, r3
 8000338:	3101      	adds	r1, #1
 800033a:	50d1      	str	r1, [r2, r3]
 800033c:	490e      	ldr	r1, [pc, #56]	@ (8000378 <service_uart_rx+0x90>)
 800033e:	4a0f      	ldr	r2, [pc, #60]	@ (800037c <service_uart_rx+0x94>)
 8000340:	5d0b      	ldrb	r3, [r1, r4]
 8000342:	5d12      	ldrb	r2, [r2, r4]
 8000344:	b2de      	uxtb	r6, r3
 8000346:	3301      	adds	r3, #1
 8000348:	f003 037f 	and.w	r3, r3, #127	@ 0x7f
 800034c:	429a      	cmp	r2, r3
 800034e:	bf0b      	itete	eq
 8000350:	68ab      	ldreq	r3, [r5, #8]
 8000352:	4a0b      	ldrne	r2, [pc, #44]	@ (8000380 <service_uart_rx+0x98>)
 8000354:	3301      	addeq	r3, #1
 8000356:	eb02 12c4 	addne.w	r2, r2, r4, lsl #7
 800035a:	bf16      	itet	ne
 800035c:	5590      	strbne	r0, [r2, r6]
 800035e:	60ab      	streq	r3, [r5, #8]
 8000360:	550b      	strbne	r3, [r1, r4]
 8000362:	bd70      	pop	{r4, r5, r6, pc}
 8000364:	2b00      	cmp	r3, #0
 8000366:	d0dd      	beq.n	8000324 <service_uart_rx+0x3c>
 8000368:	2308      	movs	r3, #8
 800036a:	e7da      	b.n	8000322 <service_uart_rx+0x3a>
 800036c:	40013800 	.word	0x40013800
 8000370:	40004400 	.word	0x40004400
 8000374:	20000020 	.word	0x20000020
 8000378:	2000004e 	.word	0x2000004e
 800037c:	2000004c 	.word	0x2000004c
 8000380:	20000050 	.word	0x20000050

08000384 <service_uart_tx>:
 8000384:	4b13      	ldr	r3, [pc, #76]	@ (80003d4 <service_uart_tx+0x50>)
 8000386:	b570      	push	{r4, r5, r6, lr}
 8000388:	1e04      	subs	r4, r0, #0
 800038a:	4813      	ldr	r0, [pc, #76]	@ (80003d8 <service_uart_tx+0x54>)
 800038c:	bf08      	it	eq
 800038e:	4618      	moveq	r0, r3
 8000390:	69c3      	ldr	r3, [r0, #28]
 8000392:	061b      	lsls	r3, r3, #24
 8000394:	d50a      	bpl.n	80003ac <service_uart_tx+0x28>
 8000396:	4e11      	ldr	r6, [pc, #68]	@ (80003dc <service_uart_tx+0x58>)
 8000398:	4a11      	ldr	r2, [pc, #68]	@ (80003e0 <service_uart_tx+0x5c>)
 800039a:	5d33      	ldrb	r3, [r6, r4]
 800039c:	5d12      	ldrb	r2, [r2, r4]
 800039e:	b2dd      	uxtb	r5, r3
 80003a0:	429a      	cmp	r2, r3
 80003a2:	d104      	bne.n	80003ae <service_uart_tx+0x2a>
 80003a4:	6803      	ldr	r3, [r0, #0]
 80003a6:	f023 0380 	bic.w	r3, r3, #128	@ 0x80
 80003aa:	6003      	str	r3, [r0, #0]
 80003ac:	bd70      	pop	{r4, r5, r6, pc}
 80003ae:	4b0d      	ldr	r3, [pc, #52]	@ (80003e4 <service_uart_tx+0x60>)
 80003b0:	eb03 13c4 	add.w	r3, r3, r4, lsl #7
 80003b4:	5d59      	ldrb	r1, [r3, r5]
 80003b6:	f003 f994 	bl	80036e2 <usart_data_transmit>
 80003ba:	2214      	movs	r2, #20
 80003bc:	4b0a      	ldr	r3, [pc, #40]	@ (80003e8 <service_uart_tx+0x64>)
 80003be:	3501      	adds	r5, #1
 80003c0:	fb02 3304 	mla	r3, r2, r4, r3
 80003c4:	f005 057f 	and.w	r5, r5, #127	@ 0x7f
 80003c8:	5535      	strb	r5, [r6, r4]
 80003ca:	685a      	ldr	r2, [r3, #4]
 80003cc:	3201      	adds	r2, #1
 80003ce:	605a      	str	r2, [r3, #4]
 80003d0:	e7ec      	b.n	80003ac <service_uart_tx+0x28>
 80003d2:	bf00      	nop
 80003d4:	40013800 	.word	0x40013800
 80003d8:	40004400 	.word	0x40004400
 80003dc:	20000048 	.word	0x20000048
 80003e0:	2000004a 	.word	0x2000004a
 80003e4:	20000150 	.word	0x20000150
 80003e8:	20000020 	.word	0x20000020

080003ec <gs_board_bridge_apply>:
 80003ec:	e92d 41f3 	stmdb	sp!, {r0, r1, r4, r5, r6, r7, r8, lr}
 80003f0:	460d      	mov	r5, r1
 80003f2:	4614      	mov	r4, r2
 80003f4:	f001 fa34 	bl	8001860 <gs_motor_power_profile_current>
 80003f8:	2d00      	cmp	r5, #0
 80003fa:	d06b      	beq.n	80004d4 <gs_board_bridge_apply+0xe8>
 80003fc:	782a      	ldrb	r2, [r5, #0]
 80003fe:	2a02      	cmp	r2, #2
 8000400:	d868      	bhi.n	80004d4 <gs_board_bridge_apply+0xe8>
 8000402:	786b      	ldrb	r3, [r5, #1]
 8000404:	2b02      	cmp	r3, #2
 8000406:	d865      	bhi.n	80004d4 <gs_board_bridge_apply+0xe8>
 8000408:	78a9      	ldrb	r1, [r5, #2]
 800040a:	2902      	cmp	r1, #2
 800040c:	d862      	bhi.n	80004d4 <gs_board_bridge_apply+0xe8>
 800040e:	429a      	cmp	r2, r3
 8000410:	d060      	beq.n	80004d4 <gs_board_bridge_apply+0xe8>
 8000412:	428a      	cmp	r2, r1
 8000414:	d05e      	beq.n	80004d4 <gs_board_bridge_apply+0xe8>
 8000416:	428b      	cmp	r3, r1
 8000418:	d05c      	beq.n	80004d4 <gs_board_bridge_apply+0xe8>
 800041a:	1e61      	subs	r1, r4, #1
 800041c:	f5b1 7ffa 	cmp.w	r1, #500	@ 0x1f4
 8000420:	d258      	bcs.n	80004d4 <gs_board_bridge_apply+0xe8>
 8000422:	8901      	ldrh	r1, [r0, #8]
 8000424:	42a1      	cmp	r1, r4
 8000426:	d355      	bcc.n	80004d4 <gs_board_bridge_apply+0xe8>
 8000428:	4935      	ldr	r1, [pc, #212]	@ (8000500 <gs_board_bridge_apply+0x114>)
 800042a:	4e36      	ldr	r6, [pc, #216]	@ (8000504 <gs_board_bridge_apply+0x118>)
 800042c:	9100      	str	r1, [sp, #0]
 800042e:	f44f 71fa 	mov.w	r1, #500	@ 0x1f4
 8000432:	f8ad 1004 	strh.w	r1, [sp, #4]
 8000436:	a902      	add	r1, sp, #8
 8000438:	eb01 0242 	add.w	r2, r1, r2, lsl #1
 800043c:	f504 71fa 	add.w	r1, r4, #500	@ 0x1f4
 8000440:	f822 1c08 	strh.w	r1, [r2, #-8]
 8000444:	aa02      	add	r2, sp, #8
 8000446:	eb02 0343 	add.w	r3, r2, r3, lsl #1
 800044a:	f5c4 74fa 	rsb	r4, r4, #500	@ 0x1f4
 800044e:	f823 4c08 	strh.w	r4, [r3, #-8]
 8000452:	2307      	movs	r3, #7
 8000454:	f88d 3006 	strb.w	r3, [sp, #6]
 8000458:	7833      	ldrb	r3, [r6, #0]
 800045a:	2b00      	cmp	r3, #0
 800045c:	d141      	bne.n	80004e2 <gs_board_bridge_apply+0xf6>
 800045e:	2000      	movs	r0, #0
 8000460:	f7ff ff1e 	bl	80002a0 <gs_board_bridge_off>
 8000464:	2200      	movs	r2, #0
 8000466:	4828      	ldr	r0, [pc, #160]	@ (8000508 <gs_board_bridge_apply+0x11c>)
 8000468:	4611      	mov	r1, r2
 800046a:	f003 f82b 	bl	80034c4 <timer_channel_output_shadow_config>
 800046e:	2200      	movs	r2, #0
 8000470:	2101      	movs	r1, #1
 8000472:	4825      	ldr	r0, [pc, #148]	@ (8000508 <gs_board_bridge_apply+0x11c>)
 8000474:	f003 f826 	bl	80034c4 <timer_channel_output_shadow_config>
 8000478:	2200      	movs	r2, #0
 800047a:	2102      	movs	r1, #2
 800047c:	4822      	ldr	r0, [pc, #136]	@ (8000508 <gs_board_bridge_apply+0x11c>)
 800047e:	f003 f821 	bl	80034c4 <timer_channel_output_shadow_config>
 8000482:	4668      	mov	r0, sp
 8000484:	f7ff fef6 	bl	8000274 <write_bridge_plan>
 8000488:	2403      	movs	r4, #3
 800048a:	4f20      	ldr	r7, [pc, #128]	@ (800050c <gs_board_bridge_apply+0x120>)
 800048c:	f8df 8080 	ldr.w	r8, [pc, #128]	@ 8000510 <gs_board_bridge_apply+0x124>
 8000490:	f817 3b01 	ldrb.w	r3, [r7], #1
 8000494:	2208      	movs	r2, #8
 8000496:	f838 5013 	ldrh.w	r5, [r8, r3, lsl #1]
 800049a:	481b      	ldr	r0, [pc, #108]	@ (8000508 <gs_board_bridge_apply+0x11c>)
 800049c:	4629      	mov	r1, r5
 800049e:	f003 f811 	bl	80034c4 <timer_channel_output_shadow_config>
 80004a2:	2201      	movs	r2, #1
 80004a4:	4629      	mov	r1, r5
 80004a6:	4818      	ldr	r0, [pc, #96]	@ (8000508 <gs_board_bridge_apply+0x11c>)
 80004a8:	f003 f858 	bl	800355c <timer_channel_output_state_config>
 80004ac:	3c01      	subs	r4, #1
 80004ae:	2204      	movs	r2, #4
 80004b0:	4629      	mov	r1, r5
 80004b2:	4815      	ldr	r0, [pc, #84]	@ (8000508 <gs_board_bridge_apply+0x11c>)
 80004b4:	f003 f878 	bl	80035a8 <timer_channel_complementary_output_state_config>
 80004b8:	f014 04ff 	ands.w	r4, r4, #255	@ 0xff
 80004bc:	d1e8      	bne.n	8000490 <gs_board_bridge_apply+0xa4>
 80004be:	2101      	movs	r1, #1
 80004c0:	4811      	ldr	r0, [pc, #68]	@ (8000508 <gs_board_bridge_apply+0x11c>)
 80004c2:	f002 feca 	bl	800325a <timer_primary_output_config>
 80004c6:	2207      	movs	r2, #7
 80004c8:	4b12      	ldr	r3, [pc, #72]	@ (8000514 <gs_board_bridge_apply+0x128>)
 80004ca:	701a      	strb	r2, [r3, #0]
 80004cc:	2301      	movs	r3, #1
 80004ce:	7033      	strb	r3, [r6, #0]
 80004d0:	2001      	movs	r0, #1
 80004d2:	e003      	b.n	80004dc <gs_board_bridge_apply+0xf0>
 80004d4:	2000      	movs	r0, #0
 80004d6:	f7ff fee3 	bl	80002a0 <gs_board_bridge_off>
 80004da:	2000      	movs	r0, #0
 80004dc:	b002      	add	sp, #8
 80004de:	e8bd 81f0 	ldmia.w	sp!, {r4, r5, r6, r7, r8, pc}
 80004e2:	4b0c      	ldr	r3, [pc, #48]	@ (8000514 <gs_board_bridge_apply+0x128>)
 80004e4:	781b      	ldrb	r3, [r3, #0]
 80004e6:	2b07      	cmp	r3, #7
 80004e8:	d1b9      	bne.n	800045e <gs_board_bridge_apply+0x72>
 80004ea:	4807      	ldr	r0, [pc, #28]	@ (8000508 <gs_board_bridge_apply+0x11c>)
 80004ec:	f002 fe8f 	bl	800320e <timer_update_event_disable>
 80004f0:	4668      	mov	r0, sp
 80004f2:	f7ff febf 	bl	8000274 <write_bridge_plan>
 80004f6:	4804      	ldr	r0, [pc, #16]	@ (8000508 <gs_board_bridge_apply+0x11c>)
 80004f8:	f002 fe84 	bl	8003204 <timer_update_event_enable>
 80004fc:	e7e8      	b.n	80004d0 <gs_board_bridge_apply+0xe4>
 80004fe:	bf00      	nop
 8000500:	01f401f4 	.word	0x01f401f4
 8000504:	2000001d 	.word	0x2000001d
 8000508:	40012c00 	.word	0x40012c00
 800050c:	08003730 	.word	0x08003730
 8000510:	08003734 	.word	0x08003734
 8000514:	2000001c 	.word	0x2000001c

08000518 <SysTick_Handler>:
 8000518:	4a02      	ldr	r2, [pc, #8]	@ (8000524 <SysTick_Handler+0xc>)
 800051a:	6813      	ldr	r3, [r2, #0]
 800051c:	3301      	adds	r3, #1
 800051e:	6013      	str	r3, [r2, #0]
 8000520:	4770      	bx	lr
 8000522:	bf00      	nop
 8000524:	20000320 	.word	0x20000320

08000528 <TIMER1_IRQHandler>:
 8000528:	b508      	push	{r3, lr}
 800052a:	2101      	movs	r1, #1
 800052c:	f04f 4080 	mov.w	r0, #1073741824	@ 0x40000000
 8000530:	f002 fe78 	bl	8003224 <timer_interrupt_flag_get>
 8000534:	b148      	cbz	r0, 800054a <TIMER1_IRQHandler+0x22>
 8000536:	2101      	movs	r1, #1
 8000538:	f04f 4080 	mov.w	r0, #1073741824	@ 0x40000000
 800053c:	f002 fe7b 	bl	8003236 <timer_interrupt_flag_clear>
 8000540:	4a02      	ldr	r2, [pc, #8]	@ (800054c <TIMER1_IRQHandler+0x24>)
 8000542:	6813      	ldr	r3, [r2, #0]
 8000544:	f503 3380 	add.w	r3, r3, #65536	@ 0x10000
 8000548:	6013      	str	r3, [r2, #0]
 800054a:	bd08      	pop	{r3, pc}
 800054c:	20000324 	.word	0x20000324

08000550 <gs_board_safe_gpio_init>:
 8000550:	b510      	push	{r4, lr}
 8000552:	f240 5011 	movw	r0, #1297	@ 0x511
 8000556:	f002 fc6b 	bl	8002e30 <rcu_periph_clock_enable>
 800055a:	f240 5012 	movw	r0, #1298	@ 0x512
 800055e:	f002 fc67 	bl	8002e30 <rcu_periph_clock_enable>
 8000562:	f240 5013 	movw	r0, #1299	@ 0x513
 8000566:	f002 fc63 	bl	8002e30 <rcu_periph_clock_enable>
 800056a:	2104      	movs	r1, #4
 800056c:	4814      	ldr	r0, [pc, #80]	@ (80005c0 <gs_board_safe_gpio_init+0x70>)
 800056e:	f002 fbdb 	bl	8002d28 <gpio_bit_reset>
 8000572:	2304      	movs	r3, #4
 8000574:	2200      	movs	r2, #0
 8000576:	2101      	movs	r1, #1
 8000578:	4811      	ldr	r0, [pc, #68]	@ (80005c0 <gs_board_safe_gpio_init+0x70>)
 800057a:	f002 fb95 	bl	8002ca8 <gpio_mode_set>
 800057e:	2200      	movs	r2, #0
 8000580:	2304      	movs	r3, #4
 8000582:	4611      	mov	r1, r2
 8000584:	480e      	ldr	r0, [pc, #56]	@ (80005c0 <gs_board_safe_gpio_init+0x70>)
 8000586:	f002 fbb1 	bl	8002cec <gpio_output_options_set>
 800058a:	2104      	movs	r1, #4
 800058c:	480c      	ldr	r0, [pc, #48]	@ (80005c0 <gs_board_safe_gpio_init+0x70>)
 800058e:	f002 fbc9 	bl	8002d24 <gpio_bit_set>
 8000592:	2310      	movs	r3, #16
 8000594:	2201      	movs	r2, #1
 8000596:	2100      	movs	r1, #0
 8000598:	f04f 4090 	mov.w	r0, #1207959552	@ 0x48000000
 800059c:	f002 fb84 	bl	8002ca8 <gpio_mode_set>
 80005a0:	2200      	movs	r2, #0
 80005a2:	2340      	movs	r3, #64	@ 0x40
 80005a4:	4611      	mov	r1, r2
 80005a6:	f04f 4090 	mov.w	r0, #1207959552	@ 0x48000000
 80005aa:	f002 fb7d 	bl	8002ca8 <gpio_mode_set>
 80005ae:	e8bd 4010 	ldmia.w	sp!, {r4, lr}
 80005b2:	2200      	movs	r2, #0
 80005b4:	f44f 5380 	mov.w	r3, #4096	@ 0x1000
 80005b8:	4611      	mov	r1, r2
 80005ba:	4801      	ldr	r0, [pc, #4]	@ (80005c0 <gs_board_safe_gpio_init+0x70>)
 80005bc:	f002 bb74 	b.w	8002ca8 <gpio_mode_set>
 80005c0:	48000400 	.word	0x48000400

080005c4 <gs_board_time_init>:
 80005c4:	b530      	push	{r4, r5, lr}
 80005c6:	2400      	movs	r4, #0
 80005c8:	4b1e      	ldr	r3, [pc, #120]	@ (8000644 <gs_board_time_init+0x80>)
 80005ca:	b085      	sub	sp, #20
 80005cc:	601c      	str	r4, [r3, #0]
 80005ce:	4b1e      	ldr	r3, [pc, #120]	@ (8000648 <gs_board_time_init+0x84>)
 80005d0:	f641 723f 	movw	r2, #7999	@ 0x1f3f
 80005d4:	601c      	str	r4, [r3, #0]
 80005d6:	f04f 23e0 	mov.w	r3, #3758153728	@ 0xe000e000
 80005da:	21f0      	movs	r1, #240	@ 0xf0
 80005dc:	2507      	movs	r5, #7
 80005de:	615a      	str	r2, [r3, #20]
 80005e0:	4a1a      	ldr	r2, [pc, #104]	@ (800064c <gs_board_time_init+0x88>)
 80005e2:	f44f 60e0 	mov.w	r0, #1792	@ 0x700
 80005e6:	f882 1023 	strb.w	r1, [r2, #35]	@ 0x23
 80005ea:	619c      	str	r4, [r3, #24]
 80005ec:	611d      	str	r5, [r3, #16]
 80005ee:	f002 fc1f 	bl	8002e30 <rcu_periph_clock_enable>
 80005f2:	f04f 4080 	mov.w	r0, #1073741824	@ 0x40000000
 80005f6:	f002 fd4d 	bl	8003094 <timer_deinit>
 80005fa:	220e      	movs	r2, #14
 80005fc:	4621      	mov	r1, r4
 80005fe:	f10d 0002 	add.w	r0, sp, #2
 8000602:	f001 ff82 	bl	800250a <memset>
 8000606:	f64f 73ff 	movw	r3, #65535	@ 0xffff
 800060a:	4669      	mov	r1, sp
 800060c:	f04f 4080 	mov.w	r0, #1073741824	@ 0x40000000
 8000610:	9302      	str	r3, [sp, #8]
 8000612:	f8ad 5000 	strh.w	r5, [sp]
 8000616:	f002 fd9f 	bl	8003158 <timer_init>
 800061a:	2101      	movs	r1, #1
 800061c:	f04f 4080 	mov.w	r0, #1073741824	@ 0x40000000
 8000620:	f002 fe09 	bl	8003236 <timer_interrupt_flag_clear>
 8000624:	2101      	movs	r1, #1
 8000626:	f04f 4080 	mov.w	r0, #1073741824	@ 0x40000000
 800062a:	f002 fdf7 	bl	800321c <timer_interrupt_enable>
 800062e:	4622      	mov	r2, r4
 8000630:	2102      	movs	r1, #2
 8000632:	200f      	movs	r0, #15
 8000634:	f002 fbb0 	bl	8002d98 <nvic_irq_enable>
 8000638:	f04f 4080 	mov.w	r0, #1073741824	@ 0x40000000
 800063c:	f002 fdd8 	bl	80031f0 <timer_enable>
 8000640:	b005      	add	sp, #20
 8000642:	bd30      	pop	{r4, r5, pc}
 8000644:	20000320 	.word	0x20000320
 8000648:	20000324 	.word	0x20000324
 800064c:	e000ed00 	.word	0xe000ed00

08000650 <gs_board_read_hall>:
 8000650:	b510      	push	{r4, lr}
 8000652:	f44f 4180 	mov.w	r1, #16384	@ 0x4000
 8000656:	480f      	ldr	r0, [pc, #60]	@ (8000694 <gs_board_read_hall+0x44>)
 8000658:	f002 fb68 	bl	8002d2c <gpio_input_bit_get>
 800065c:	2101      	movs	r1, #1
 800065e:	4604      	mov	r4, r0
 8000660:	f04f 4090 	mov.w	r0, #1207959552	@ 0x48000000
 8000664:	f002 fb62 	bl	8002d2c <gpio_input_bit_get>
 8000668:	1e43      	subs	r3, r0, #1
 800066a:	4258      	negs	r0, r3
 800066c:	f104 32ff 	add.w	r2, r4, #4294967295	@ 0xffffffff
 8000670:	4158      	adcs	r0, r3
 8000672:	4254      	negs	r4, r2
 8000674:	4154      	adcs	r4, r2
 8000676:	00a4      	lsls	r4, r4, #2
 8000678:	ea44 0440 	orr.w	r4, r4, r0, lsl #1
 800067c:	f44f 6100 	mov.w	r1, #2048	@ 0x800
 8000680:	4805      	ldr	r0, [pc, #20]	@ (8000698 <gs_board_read_hall+0x48>)
 8000682:	f002 fb53 	bl	8002d2c <gpio_input_bit_get>
 8000686:	2801      	cmp	r0, #1
 8000688:	bf14      	ite	ne
 800068a:	4620      	movne	r0, r4
 800068c:	f044 0001 	orreq.w	r0, r4, #1
 8000690:	bd10      	pop	{r4, pc}
 8000692:	bf00      	nop
 8000694:	48000800 	.word	0x48000800
 8000698:	48000400 	.word	0x48000400

0800069c <gs_board_micros>:
 800069c:	b570      	push	{r4, r5, r6, lr}
 800069e:	4e0b      	ldr	r6, [pc, #44]	@ (80006cc <gs_board_micros+0x30>)
 80006a0:	f04f 4080 	mov.w	r0, #1073741824	@ 0x40000000
 80006a4:	6835      	ldr	r5, [r6, #0]
 80006a6:	f002 fdb7 	bl	8003218 <timer_counter_read>
 80006aa:	6833      	ldr	r3, [r6, #0]
 80006ac:	4604      	mov	r4, r0
 80006ae:	429d      	cmp	r5, r3
 80006b0:	d1f6      	bne.n	80006a0 <gs_board_micros+0x4>
 80006b2:	2101      	movs	r1, #1
 80006b4:	f04f 4080 	mov.w	r0, #1073741824	@ 0x40000000
 80006b8:	f002 fdb4 	bl	8003224 <timer_interrupt_flag_get>
 80006bc:	b118      	cbz	r0, 80006c6 <gs_board_micros+0x2a>
 80006be:	0423      	lsls	r3, r4, #16
 80006c0:	bf58      	it	pl
 80006c2:	f505 3580 	addpl.w	r5, r5, #65536	@ 0x10000
 80006c6:	b2a0      	uxth	r0, r4
 80006c8:	4328      	orrs	r0, r5
 80006ca:	bd70      	pop	{r4, r5, r6, pc}
 80006cc:	20000324 	.word	0x20000324

080006d0 <capture_hall_edge>:
 80006d0:	b5f8      	push	{r3, r4, r5, r6, r7, lr}
 80006d2:	f7ff ffbd 	bl	8000650 <gs_board_read_hall>
 80006d6:	4604      	mov	r4, r0
 80006d8:	f7ff ffe0 	bl	800069c <gs_board_micros>
 80006dc:	4e14      	ldr	r6, [pc, #80]	@ (8000730 <capture_hall_edge+0x60>)
 80006de:	4603      	mov	r3, r0
 80006e0:	7832      	ldrb	r2, [r6, #0]
 80006e2:	4294      	cmp	r4, r2
 80006e4:	d00f      	beq.n	8000706 <capture_hall_edge+0x36>
 80006e6:	4913      	ldr	r1, [pc, #76]	@ (8000734 <capture_hall_edge+0x64>)
 80006e8:	4813      	ldr	r0, [pc, #76]	@ (8000738 <capture_hall_edge+0x68>)
 80006ea:	780a      	ldrb	r2, [r1, #0]
 80006ec:	7800      	ldrb	r0, [r0, #0]
 80006ee:	3201      	adds	r2, #1
 80006f0:	f002 020f 	and.w	r2, r2, #15
 80006f4:	4282      	cmp	r2, r0
 80006f6:	4d11      	ldr	r5, [pc, #68]	@ (800073c <capture_hall_edge+0x6c>)
 80006f8:	d106      	bne.n	8000708 <capture_hall_edge+0x38>
 80006fa:	4911      	ldr	r1, [pc, #68]	@ (8000740 <capture_hall_edge+0x70>)
 80006fc:	680a      	ldr	r2, [r1, #0]
 80006fe:	3201      	adds	r2, #1
 8000700:	600a      	str	r2, [r1, #0]
 8000702:	7034      	strb	r4, [r6, #0]
 8000704:	602b      	str	r3, [r5, #0]
 8000706:	bdf8      	pop	{r3, r4, r5, r6, r7, pc}
 8000708:	f04f 0c0c 	mov.w	ip, #12
 800070c:	780f      	ldrb	r7, [r1, #0]
 800070e:	480d      	ldr	r0, [pc, #52]	@ (8000744 <capture_hall_edge+0x74>)
 8000710:	fb0c f707 	mul.w	r7, ip, r7
 8000714:	55c4      	strb	r4, [r0, r7]
 8000716:	780f      	ldrb	r7, [r1, #0]
 8000718:	fb0c 0707 	mla	r7, ip, r7, r0
 800071c:	607b      	str	r3, [r7, #4]
 800071e:	682f      	ldr	r7, [r5, #0]
 8000720:	f891 e000 	ldrb.w	lr, [r1]
 8000724:	1bdf      	subs	r7, r3, r7
 8000726:	fb0c 000e 	mla	r0, ip, lr, r0
 800072a:	6087      	str	r7, [r0, #8]
 800072c:	700a      	strb	r2, [r1, #0]
 800072e:	e7e8      	b.n	8000702 <capture_hall_edge+0x32>
 8000730:	20000254 	.word	0x20000254
 8000734:	2000025d 	.word	0x2000025d
 8000738:	2000025c 	.word	0x2000025c
 800073c:	20000250 	.word	0x20000250
 8000740:	20000258 	.word	0x20000258
 8000744:	20000260 	.word	0x20000260

08000748 <EXTI0_1_IRQHandler>:
 8000748:	b508      	push	{r3, lr}
 800074a:	2001      	movs	r0, #1
 800074c:	f002 fa5c 	bl	8002c08 <exti_interrupt_flag_get>
 8000750:	b130      	cbz	r0, 8000760 <EXTI0_1_IRQHandler+0x18>
 8000752:	2001      	movs	r0, #1
 8000754:	f002 fa68 	bl	8002c28 <exti_interrupt_flag_clear>
 8000758:	e8bd 4008 	ldmia.w	sp!, {r3, lr}
 800075c:	f7ff bfb8 	b.w	80006d0 <capture_hall_edge>
 8000760:	bd08      	pop	{r3, pc}

08000762 <gs_board_hall_exti_service>:
 8000762:	b510      	push	{r4, lr}
 8000764:	f44f 6000 	mov.w	r0, #2048	@ 0x800
 8000768:	f002 fa4e 	bl	8002c08 <exti_interrupt_flag_get>
 800076c:	4604      	mov	r4, r0
 800076e:	b120      	cbz	r0, 800077a <gs_board_hall_exti_service+0x18>
 8000770:	f44f 6000 	mov.w	r0, #2048	@ 0x800
 8000774:	f002 fa58 	bl	8002c28 <exti_interrupt_flag_clear>
 8000778:	2401      	movs	r4, #1
 800077a:	f44f 4080 	mov.w	r0, #16384	@ 0x4000
 800077e:	f002 fa43 	bl	8002c08 <exti_interrupt_flag_get>
 8000782:	b138      	cbz	r0, 8000794 <gs_board_hall_exti_service+0x32>
 8000784:	f44f 4080 	mov.w	r0, #16384	@ 0x4000
 8000788:	f002 fa4e 	bl	8002c28 <exti_interrupt_flag_clear>
 800078c:	e8bd 4010 	ldmia.w	sp!, {r4, lr}
 8000790:	f7ff bf9e 	b.w	80006d0 <capture_hall_edge>
 8000794:	2c00      	cmp	r4, #0
 8000796:	d1f9      	bne.n	800078c <gs_board_hall_exti_service+0x2a>
 8000798:	bd10      	pop	{r4, pc}

0800079a <EXTI4_15_IRQHandler>:
 800079a:	f7ff bfe2 	b.w	8000762 <gs_board_hall_exti_service>
	...

080007a0 <gs_board_hall_event_read>:
 80007a0:	b530      	push	{r4, r5, lr}
 80007a2:	b1a8      	cbz	r0, 80007d0 <gs_board_hall_event_read+0x30>
 80007a4:	490c      	ldr	r1, [pc, #48]	@ (80007d8 <gs_board_hall_event_read+0x38>)
 80007a6:	4b0d      	ldr	r3, [pc, #52]	@ (80007dc <gs_board_hall_event_read+0x3c>)
 80007a8:	780a      	ldrb	r2, [r1, #0]
 80007aa:	781b      	ldrb	r3, [r3, #0]
 80007ac:	429a      	cmp	r2, r3
 80007ae:	d010      	beq.n	80007d2 <gs_board_hall_event_read+0x32>
 80007b0:	220c      	movs	r2, #12
 80007b2:	780b      	ldrb	r3, [r1, #0]
 80007b4:	4d0a      	ldr	r5, [pc, #40]	@ (80007e0 <gs_board_hall_event_read+0x40>)
 80007b6:	435a      	muls	r2, r3
 80007b8:	18ac      	adds	r4, r5, r2
 80007ba:	5caa      	ldrb	r2, [r5, r2]
 80007bc:	3301      	adds	r3, #1
 80007be:	7002      	strb	r2, [r0, #0]
 80007c0:	6862      	ldr	r2, [r4, #4]
 80007c2:	f003 030f 	and.w	r3, r3, #15
 80007c6:	6042      	str	r2, [r0, #4]
 80007c8:	68a2      	ldr	r2, [r4, #8]
 80007ca:	700b      	strb	r3, [r1, #0]
 80007cc:	6082      	str	r2, [r0, #8]
 80007ce:	2001      	movs	r0, #1
 80007d0:	bd30      	pop	{r4, r5, pc}
 80007d2:	2000      	movs	r0, #0
 80007d4:	e7fc      	b.n	80007d0 <gs_board_hall_event_read+0x30>
 80007d6:	bf00      	nop
 80007d8:	2000025c 	.word	0x2000025c
 80007dc:	2000025d 	.word	0x2000025d
 80007e0:	20000260 	.word	0x20000260

080007e4 <gs_board_hall_overflow_count>:
 80007e4:	4b01      	ldr	r3, [pc, #4]	@ (80007ec <gs_board_hall_overflow_count+0x8>)
 80007e6:	6818      	ldr	r0, [r3, #0]
 80007e8:	4770      	bx	lr
 80007ea:	bf00      	nop
 80007ec:	20000258 	.word	0x20000258

080007f0 <gs_board_operational_init>:
 80007f0:	b570      	push	{r4, r5, r6, lr}
 80007f2:	b08e      	sub	sp, #56	@ 0x38
 80007f4:	f7ff feac 	bl	8000550 <gs_board_safe_gpio_init>
 80007f8:	f44f 62e0 	mov.w	r2, #1792	@ 0x700
 80007fc:	2102      	movs	r1, #2
 80007fe:	f04f 4090 	mov.w	r0, #1207959552	@ 0x48000000
 8000802:	f002 fa99 	bl	8002d38 <gpio_af_set>
 8000806:	f44f 63e0 	mov.w	r3, #1792	@ 0x700
 800080a:	2200      	movs	r2, #0
 800080c:	2102      	movs	r1, #2
 800080e:	f04f 4090 	mov.w	r0, #1207959552	@ 0x48000000
 8000812:	f002 fa49 	bl	8002ca8 <gpio_mode_set>
 8000816:	2200      	movs	r2, #0
 8000818:	f44f 63e0 	mov.w	r3, #1792	@ 0x700
 800081c:	4611      	mov	r1, r2
 800081e:	f04f 4090 	mov.w	r0, #1207959552	@ 0x48000000
 8000822:	f002 fa63 	bl	8002cec <gpio_output_options_set>
 8000826:	f44f 4260 	mov.w	r2, #57344	@ 0xe000
 800082a:	2102      	movs	r1, #2
 800082c:	4879      	ldr	r0, [pc, #484]	@ (8000a14 <gs_board_operational_init+0x224>)
 800082e:	f002 fa83 	bl	8002d38 <gpio_af_set>
 8000832:	f44f 4360 	mov.w	r3, #57344	@ 0xe000
 8000836:	2200      	movs	r2, #0
 8000838:	2102      	movs	r1, #2
 800083a:	4876      	ldr	r0, [pc, #472]	@ (8000a14 <gs_board_operational_init+0x224>)
 800083c:	f002 fa34 	bl	8002ca8 <gpio_mode_set>
 8000840:	2200      	movs	r2, #0
 8000842:	f44f 4360 	mov.w	r3, #57344	@ 0xe000
 8000846:	4611      	mov	r1, r2
 8000848:	4872      	ldr	r0, [pc, #456]	@ (8000a14 <gs_board_operational_init+0x224>)
 800084a:	f002 fa4f 	bl	8002cec <gpio_output_options_set>
 800084e:	2200      	movs	r2, #0
 8000850:	f44f 6300 	mov.w	r3, #2048	@ 0x800
 8000854:	4611      	mov	r1, r2
 8000856:	486f      	ldr	r0, [pc, #444]	@ (8000a14 <gs_board_operational_init+0x224>)
 8000858:	f002 fa26 	bl	8002ca8 <gpio_mode_set>
 800085c:	2200      	movs	r2, #0
 800085e:	2301      	movs	r3, #1
 8000860:	4611      	mov	r1, r2
 8000862:	f04f 4090 	mov.w	r0, #1207959552	@ 0x48000000
 8000866:	f002 fa1f 	bl	8002ca8 <gpio_mode_set>
 800086a:	2200      	movs	r2, #0
 800086c:	2400      	movs	r4, #0
 800086e:	4611      	mov	r1, r2
 8000870:	f44f 4380 	mov.w	r3, #16384	@ 0x4000
 8000874:	4868      	ldr	r0, [pc, #416]	@ (8000a18 <gs_board_operational_init+0x228>)
 8000876:	f002 fa17 	bl	8002ca8 <gpio_mode_set>
 800087a:	f7ff fea3 	bl	80005c4 <gs_board_time_init>
 800087e:	4b67      	ldr	r3, [pc, #412]	@ (8000a1c <gs_board_operational_init+0x22c>)
 8000880:	4e67      	ldr	r6, [pc, #412]	@ (8000a20 <gs_board_operational_init+0x230>)
 8000882:	701c      	strb	r4, [r3, #0]
 8000884:	4b67      	ldr	r3, [pc, #412]	@ (8000a24 <gs_board_operational_init+0x234>)
 8000886:	701c      	strb	r4, [r3, #0]
 8000888:	4b67      	ldr	r3, [pc, #412]	@ (8000a28 <gs_board_operational_init+0x238>)
 800088a:	601c      	str	r4, [r3, #0]
 800088c:	f7ff fee0 	bl	8000650 <gs_board_read_hall>
 8000890:	4b66      	ldr	r3, [pc, #408]	@ (8000a2c <gs_board_operational_init+0x23c>)
 8000892:	7018      	strb	r0, [r3, #0]
 8000894:	f7ff ff02 	bl	800069c <gs_board_micros>
 8000898:	4b65      	ldr	r3, [pc, #404]	@ (8000a30 <gs_board_operational_init+0x240>)
 800089a:	6018      	str	r0, [r3, #0]
 800089c:	f44f 60c0 	mov.w	r0, #1536	@ 0x600
 80008a0:	f002 fac6 	bl	8002e30 <rcu_periph_clock_enable>
 80008a4:	4621      	mov	r1, r4
 80008a6:	4620      	mov	r0, r4
 80008a8:	f002 fbc4 	bl	8003034 <syscfg_exti_line_config>
 80008ac:	210b      	movs	r1, #11
 80008ae:	2001      	movs	r0, #1
 80008b0:	f002 fbc0 	bl	8003034 <syscfg_exti_line_config>
 80008b4:	210e      	movs	r1, #14
 80008b6:	2002      	movs	r0, #2
 80008b8:	f002 fbbc 	bl	8003034 <syscfg_exti_line_config>
 80008bc:	2202      	movs	r2, #2
 80008be:	4621      	mov	r1, r4
 80008c0:	2001      	movs	r0, #1
 80008c2:	f002 f953 	bl	8002b6c <exti_init>
 80008c6:	2202      	movs	r2, #2
 80008c8:	4621      	mov	r1, r4
 80008ca:	f44f 6000 	mov.w	r0, #2048	@ 0x800
 80008ce:	f002 f94d 	bl	8002b6c <exti_init>
 80008d2:	2202      	movs	r2, #2
 80008d4:	4621      	mov	r1, r4
 80008d6:	f44f 4080 	mov.w	r0, #16384	@ 0x4000
 80008da:	f002 f947 	bl	8002b6c <exti_init>
 80008de:	2001      	movs	r0, #1
 80008e0:	f002 f9a2 	bl	8002c28 <exti_interrupt_flag_clear>
 80008e4:	f44f 6000 	mov.w	r0, #2048	@ 0x800
 80008e8:	f002 f99e 	bl	8002c28 <exti_interrupt_flag_clear>
 80008ec:	f44f 4080 	mov.w	r0, #16384	@ 0x4000
 80008f0:	f002 f99a 	bl	8002c28 <exti_interrupt_flag_clear>
 80008f4:	4622      	mov	r2, r4
 80008f6:	4621      	mov	r1, r4
 80008f8:	2005      	movs	r0, #5
 80008fa:	f002 fa4d 	bl	8002d98 <nvic_irq_enable>
 80008fe:	4622      	mov	r2, r4
 8000900:	4621      	mov	r1, r4
 8000902:	2007      	movs	r0, #7
 8000904:	f002 fa48 	bl	8002d98 <nvic_irq_enable>
 8000908:	f240 600b 	movw	r0, #1547	@ 0x60b
 800090c:	f002 fa90 	bl	8002e30 <rcu_periph_clock_enable>
 8000910:	4848      	ldr	r0, [pc, #288]	@ (8000a34 <gs_board_operational_init+0x244>)
 8000912:	f002 fbbf 	bl	8003094 <timer_deinit>
 8000916:	2210      	movs	r2, #16
 8000918:	4621      	mov	r1, r4
 800091a:	4668      	mov	r0, sp
 800091c:	f001 fdf5 	bl	800250a <memset>
 8000920:	2360      	movs	r3, #96	@ 0x60
 8000922:	f8ad 3002 	strh.w	r3, [sp, #2]
 8000926:	f240 33e7 	movw	r3, #999	@ 0x3e7
 800092a:	4669      	mov	r1, sp
 800092c:	4841      	ldr	r0, [pc, #260]	@ (8000a34 <gs_board_operational_init+0x244>)
 800092e:	9302      	str	r3, [sp, #8]
 8000930:	f002 fc12 	bl	8003158 <timer_init>
 8000934:	483f      	ldr	r0, [pc, #252]	@ (8000a34 <gs_board_operational_init+0x244>)
 8000936:	f002 fc60 	bl	80031fa <timer_auto_reload_shadow_disable>
 800093a:	2210      	movs	r2, #16
 800093c:	4621      	mov	r1, r4
 800093e:	eb0d 0002 	add.w	r0, sp, r2
 8000942:	f001 fde2 	bl	800250a <memset>
 8000946:	2308      	movs	r3, #8
 8000948:	f8ad 3018 	strh.w	r3, [sp, #24]
 800094c:	f44f 7300 	mov.w	r3, #512	@ 0x200
 8000950:	f8ad 301c 	strh.w	r3, [sp, #28]
 8000954:	f836 5b02 	ldrh.w	r5, [r6], #2
 8000958:	2200      	movs	r2, #0
 800095a:	4629      	mov	r1, r5
 800095c:	4835      	ldr	r0, [pc, #212]	@ (8000a34 <gs_board_operational_init+0x244>)
 800095e:	f002 fdd7 	bl	8003510 <timer_channel_output_fast_config>
 8000962:	4629      	mov	r1, r5
 8000964:	4833      	ldr	r0, [pc, #204]	@ (8000a34 <gs_board_operational_init+0x244>)
 8000966:	aa04      	add	r2, sp, #16
 8000968:	f002 fc80 	bl	800326c <timer_channel_output_config>
 800096c:	2270      	movs	r2, #112	@ 0x70
 800096e:	4629      	mov	r1, r5
 8000970:	4830      	ldr	r0, [pc, #192]	@ (8000a34 <gs_board_operational_init+0x244>)
 8000972:	f002 fd73 	bl	800345c <timer_channel_output_mode_config>
 8000976:	f44f 72fa 	mov.w	r2, #500	@ 0x1f4
 800097a:	4629      	mov	r1, r5
 800097c:	482d      	ldr	r0, [pc, #180]	@ (8000a34 <gs_board_operational_init+0x244>)
 800097e:	f002 fd93 	bl	80034a8 <timer_channel_output_pulse_value_config>
 8000982:	2200      	movs	r2, #0
 8000984:	4629      	mov	r1, r5
 8000986:	482b      	ldr	r0, [pc, #172]	@ (8000a34 <gs_board_operational_init+0x244>)
 8000988:	f002 fd9c 	bl	80034c4 <timer_channel_output_shadow_config>
 800098c:	3401      	adds	r4, #1
 800098e:	2200      	movs	r2, #0
 8000990:	4629      	mov	r1, r5
 8000992:	4828      	ldr	r0, [pc, #160]	@ (8000a34 <gs_board_operational_init+0x244>)
 8000994:	f002 fde2 	bl	800355c <timer_channel_output_state_config>
 8000998:	b2e4      	uxtb	r4, r4
 800099a:	2200      	movs	r2, #0
 800099c:	4629      	mov	r1, r5
 800099e:	4825      	ldr	r0, [pc, #148]	@ (8000a34 <gs_board_operational_init+0x244>)
 80009a0:	f002 fe02 	bl	80035a8 <timer_channel_complementary_output_state_config>
 80009a4:	2c03      	cmp	r4, #3
 80009a6:	d1d5      	bne.n	8000954 <gs_board_operational_init+0x164>
 80009a8:	2218      	movs	r2, #24
 80009aa:	2100      	movs	r1, #0
 80009ac:	a808      	add	r0, sp, #32
 80009ae:	f001 fdac 	bl	800250a <memset>
 80009b2:	2378      	movs	r3, #120	@ 0x78
 80009b4:	a908      	add	r1, sp, #32
 80009b6:	481f      	ldr	r0, [pc, #124]	@ (8000a34 <gs_board_operational_init+0x244>)
 80009b8:	f8ad 3028 	strh.w	r3, [sp, #40]	@ 0x28
 80009bc:	f002 fc3e 	bl	800323c <timer_break_config>
 80009c0:	2100      	movs	r1, #0
 80009c2:	481c      	ldr	r0, [pc, #112]	@ (8000a34 <gs_board_operational_init+0x244>)
 80009c4:	f002 fc49 	bl	800325a <timer_primary_output_config>
 80009c8:	481a      	ldr	r0, [pc, #104]	@ (8000a34 <gs_board_operational_init+0x244>)
 80009ca:	f002 fc11 	bl	80031f0 <timer_enable>
 80009ce:	2000      	movs	r0, #0
 80009d0:	f7ff fc66 	bl	80002a0 <gs_board_bridge_off>
 80009d4:	f240 6009 	movw	r0, #1545	@ 0x609
 80009d8:	f002 fa2a 	bl	8002e30 <rcu_periph_clock_enable>
 80009dc:	2001      	movs	r0, #1
 80009de:	f002 fa47 	bl	8002e70 <rcu_adc_clock_config>
 80009e2:	f001 ff89 	bl	80028f8 <adc_deinit>
 80009e6:	2000      	movs	r0, #0
 80009e8:	f001 ffb8 	bl	800295c <adc_data_alignment_config>
 80009ec:	2101      	movs	r1, #1
 80009ee:	4608      	mov	r0, r1
 80009f0:	f001 ffc2 	bl	8002978 <adc_channel_length_config>
 80009f4:	2101      	movs	r1, #1
 80009f6:	4608      	mov	r0, r1
 80009f8:	f002 f844 	bl	8002a84 <adc_external_trigger_config>
 80009fc:	f44f 2160 	mov.w	r1, #917504	@ 0xe0000
 8000a00:	2001      	movs	r0, #1
 8000a02:	f002 f867 	bl	8002ad4 <adc_external_trigger_source_config>
 8000a06:	f001 ff83 	bl	8002910 <adc_enable>
 8000a0a:	b00e      	add	sp, #56	@ 0x38
 8000a0c:	e8bd 4070 	ldmia.w	sp!, {r4, r5, r6, lr}
 8000a10:	f001 bf8c 	b.w	800292c <adc_calibration_enable>
 8000a14:	48000400 	.word	0x48000400
 8000a18:	48000800 	.word	0x48000800
 8000a1c:	2000025d 	.word	0x2000025d
 8000a20:	08003734 	.word	0x08003734
 8000a24:	2000025c 	.word	0x2000025c
 8000a28:	20000258 	.word	0x20000258
 8000a2c:	20000254 	.word	0x20000254
 8000a30:	20000250 	.word	0x20000250
 8000a34:	40012c00 	.word	0x40012c00

08000a38 <gs_board_bridge_port>:
 8000a38:	4603      	mov	r3, r0
 8000a3a:	4a03      	ldr	r2, [pc, #12]	@ (8000a48 <gs_board_bridge_port+0x10>)
 8000a3c:	ca07      	ldmia	r2, {r0, r1, r2}
 8000a3e:	e883 0007 	stmia.w	r3, {r0, r1, r2}
 8000a42:	4618      	mov	r0, r3
 8000a44:	4770      	bx	lr
 8000a46:	bf00      	nop
 8000a48:	08003724 	.word	0x08003724

08000a4c <gs_board_shutdown_raw_high>:
 8000a4c:	b508      	push	{r3, lr}
 8000a4e:	2110      	movs	r1, #16
 8000a50:	f04f 4090 	mov.w	r0, #1207959552	@ 0x48000000
 8000a54:	f002 f96a 	bl	8002d2c <gpio_input_bit_get>
 8000a58:	1e43      	subs	r3, r0, #1
 8000a5a:	4258      	negs	r0, r3
 8000a5c:	4158      	adcs	r0, r3
 8000a5e:	bd08      	pop	{r3, pc}

08000a60 <gs_board_shutdown_clear>:
 8000a60:	2001      	movs	r0, #1
 8000a62:	4770      	bx	lr

08000a64 <gs_board_adc_read>:
 8000a64:	b538      	push	{r3, r4, r5, lr}
 8000a66:	4604      	mov	r4, r0
 8000a68:	b1f0      	cbz	r0, 8000aa8 <gs_board_adc_read+0x44>
 8000a6a:	2340      	movs	r3, #64	@ 0x40
 8000a6c:	2200      	movs	r2, #0
 8000a6e:	2103      	movs	r1, #3
 8000a70:	f04f 4090 	mov.w	r0, #1207959552	@ 0x48000000
 8000a74:	f002 f918 	bl	8002ca8 <gpio_mode_set>
 8000a78:	2207      	movs	r2, #7
 8000a7a:	2106      	movs	r1, #6
 8000a7c:	2000      	movs	r0, #0
 8000a7e:	f001 ffa5 	bl	80029cc <adc_regular_channel_config>
 8000a82:	2002      	movs	r0, #2
 8000a84:	f002 f868 	bl	8002b58 <adc_flag_clear>
 8000a88:	2001      	movs	r0, #1
 8000a8a:	f002 f83d 	bl	8002b08 <adc_software_trigger_enable>
 8000a8e:	4d0f      	ldr	r5, [pc, #60]	@ (8000acc <gs_board_adc_read+0x68>)
 8000a90:	2002      	movs	r0, #2
 8000a92:	f002 f857 	bl	8002b44 <adc_flag_get>
 8000a96:	b958      	cbnz	r0, 8000ab0 <gs_board_adc_read+0x4c>
 8000a98:	b945      	cbnz	r5, 8000aac <gs_board_adc_read+0x48>
 8000a9a:	2200      	movs	r2, #0
 8000a9c:	2340      	movs	r3, #64	@ 0x40
 8000a9e:	4611      	mov	r1, r2
 8000aa0:	f04f 4090 	mov.w	r0, #1207959552	@ 0x48000000
 8000aa4:	f002 f900 	bl	8002ca8 <gpio_mode_set>
 8000aa8:	2000      	movs	r0, #0
 8000aaa:	bd38      	pop	{r3, r4, r5, pc}
 8000aac:	3d01      	subs	r5, #1
 8000aae:	e7ef      	b.n	8000a90 <gs_board_adc_read+0x2c>
 8000ab0:	2d00      	cmp	r5, #0
 8000ab2:	d0f2      	beq.n	8000a9a <gs_board_adc_read+0x36>
 8000ab4:	f002 f83e 	bl	8002b34 <adc_regular_data_read>
 8000ab8:	2200      	movs	r2, #0
 8000aba:	8020      	strh	r0, [r4, #0]
 8000abc:	2340      	movs	r3, #64	@ 0x40
 8000abe:	f04f 4090 	mov.w	r0, #1207959552	@ 0x48000000
 8000ac2:	4611      	mov	r1, r2
 8000ac4:	f002 f8f0 	bl	8002ca8 <gpio_mode_set>
 8000ac8:	2001      	movs	r0, #1
 8000aca:	e7ee      	b.n	8000aaa <gs_board_adc_read+0x46>
 8000acc:	000186a0 	.word	0x000186a0

08000ad0 <gs_board_watchdog_was_reset>:
 8000ad0:	b508      	push	{r3, lr}
 8000ad2:	f640 101d 	movw	r0, #2333	@ 0x91d
 8000ad6:	f002 f9f5 	bl	8002ec4 <rcu_flag_get>
 8000ada:	3800      	subs	r0, #0
 8000adc:	bf18      	it	ne
 8000ade:	2001      	movne	r0, #1
 8000ae0:	bd08      	pop	{r3, pc}

08000ae2 <gs_board_watchdog_start>:
 8000ae2:	b508      	push	{r3, lr}
 8000ae4:	2103      	movs	r1, #3
 8000ae6:	f240 40e2 	movw	r0, #1250	@ 0x4e2
 8000aea:	f002 f8b3 	bl	8002c54 <fwdgt_config>
 8000aee:	e8bd 4008 	ldmia.w	sp!, {r3, lr}
 8000af2:	f002 b89f 	b.w	8002c34 <fwdgt_enable>

08000af6 <gs_board_watchdog_reload>:
 8000af6:	f002 b8a5 	b.w	8002c44 <fwdgt_counter_reload>
	...

08000afc <gs_board_millis>:
 8000afc:	4b01      	ldr	r3, [pc, #4]	@ (8000b04 <gs_board_millis+0x8>)
 8000afe:	6818      	ldr	r0, [r3, #0]
 8000b00:	4770      	bx	lr
 8000b02:	bf00      	nop
 8000b04:	20000320 	.word	0x20000320

08000b08 <gs_board_uart_init>:
 8000b08:	e92d 47f0 	stmdb	sp!, {r4, r5, r6, r7, r8, r9, sl, lr}
 8000b0c:	4689      	mov	r9, r1
 8000b0e:	4605      	mov	r5, r0
 8000b10:	2800      	cmp	r0, #0
 8000b12:	d169      	bne.n	8000be8 <gs_board_uart_init+0xe0>
 8000b14:	f04f 08c0 	mov.w	r8, #192	@ 0xc0
 8000b18:	4c36      	ldr	r4, [pc, #216]	@ (8000bf4 <gs_board_uart_init+0xec>)
 8000b1a:	4f37      	ldr	r7, [pc, #220]	@ (8000bf8 <gs_board_uart_init+0xf0>)
 8000b1c:	2600      	movs	r6, #0
 8000b1e:	2214      	movs	r2, #20
 8000b20:	4b36      	ldr	r3, [pc, #216]	@ (8000bfc <gs_board_uart_init+0xf4>)
 8000b22:	4837      	ldr	r0, [pc, #220]	@ (8000c00 <gs_board_uart_init+0xf8>)
 8000b24:	555e      	strb	r6, [r3, r5]
 8000b26:	4b37      	ldr	r3, [pc, #220]	@ (8000c04 <gs_board_uart_init+0xfc>)
 8000b28:	f1b5 0a00 	subs.w	sl, r5, #0
 8000b2c:	555e      	strb	r6, [r3, r5]
 8000b2e:	4b36      	ldr	r3, [pc, #216]	@ (8000c08 <gs_board_uart_init+0x100>)
 8000b30:	4631      	mov	r1, r6
 8000b32:	555e      	strb	r6, [r3, r5]
 8000b34:	4b35      	ldr	r3, [pc, #212]	@ (8000c0c <gs_board_uart_init+0x104>)
 8000b36:	fb02 0005 	mla	r0, r2, r5, r0
 8000b3a:	bf18      	it	ne
 8000b3c:	f04f 0a01 	movne.w	sl, #1
 8000b40:	555e      	strb	r6, [r3, r5]
 8000b42:	f001 fce2 	bl	800250a <memset>
 8000b46:	f240 7311 	movw	r3, #1809	@ 0x711
 8000b4a:	f240 600e 	movw	r0, #1550	@ 0x60e
 8000b4e:	42b5      	cmp	r5, r6
 8000b50:	bf18      	it	ne
 8000b52:	4618      	movne	r0, r3
 8000b54:	f002 f96c 	bl	8002e30 <rcu_periph_clock_enable>
 8000b58:	4642      	mov	r2, r8
 8000b5a:	4651      	mov	r1, sl
 8000b5c:	4638      	mov	r0, r7
 8000b5e:	f002 f8eb 	bl	8002d38 <gpio_af_set>
 8000b62:	4643      	mov	r3, r8
 8000b64:	4638      	mov	r0, r7
 8000b66:	2201      	movs	r2, #1
 8000b68:	2102      	movs	r1, #2
 8000b6a:	f002 f89d 	bl	8002ca8 <gpio_mode_set>
 8000b6e:	4643      	mov	r3, r8
 8000b70:	4632      	mov	r2, r6
 8000b72:	4631      	mov	r1, r6
 8000b74:	4638      	mov	r0, r7
 8000b76:	f002 f8b9 	bl	8002cec <gpio_output_options_set>
 8000b7a:	4620      	mov	r0, r4
 8000b7c:	f002 fd32 	bl	80035e4 <usart_deinit>
 8000b80:	42b5      	cmp	r5, r6
 8000b82:	bf14      	ite	ne
 8000b84:	f44f 31e1 	movne.w	r1, #115200	@ 0x1c200
 8000b88:	f44f 4196 	moveq.w	r1, #19200	@ 0x4b00
 8000b8c:	4620      	mov	r0, r4
 8000b8e:	f002 fd45 	bl	800361c <usart_baudrate_set>
 8000b92:	4631      	mov	r1, r6
 8000b94:	4620      	mov	r0, r4
 8000b96:	f002 fd77 	bl	8003688 <usart_word_length_set>
 8000b9a:	4631      	mov	r1, r6
 8000b9c:	4620      	mov	r0, r4
 8000b9e:	f002 fd7f 	bl	80036a0 <usart_stop_bit_set>
 8000ba2:	4631      	mov	r1, r6
 8000ba4:	4620      	mov	r0, r4
 8000ba6:	f002 fd63 	bl	8003670 <usart_parity_config>
 8000baa:	4620      	mov	r0, r4
 8000bac:	2104      	movs	r1, #4
 8000bae:	f002 fd90 	bl	80036d2 <usart_receive_config>
 8000bb2:	ea4f 01c9 	mov.w	r1, r9, lsl #3
 8000bb6:	4620      	mov	r0, r4
 8000bb8:	f002 fd83 	bl	80036c2 <usart_transmit_config>
 8000bbc:	4620      	mov	r0, r4
 8000bbe:	f002 fd7b 	bl	80036b8 <usart_enable>
 8000bc2:	6823      	ldr	r3, [r4, #0]
 8000bc4:	42b5      	cmp	r5, r6
 8000bc6:	f023 0380 	bic.w	r3, r3, #128	@ 0x80
 8000bca:	6023      	str	r3, [r4, #0]
 8000bcc:	6823      	ldr	r3, [r4, #0]
 8000bce:	4632      	mov	r2, r6
 8000bd0:	f043 0320 	orr.w	r3, r3, #32
 8000bd4:	6023      	str	r3, [r4, #0]
 8000bd6:	f04f 0102 	mov.w	r1, #2
 8000bda:	e8bd 47f0 	ldmia.w	sp!, {r4, r5, r6, r7, r8, r9, sl, lr}
 8000bde:	bf14      	ite	ne
 8000be0:	201c      	movne	r0, #28
 8000be2:	201b      	moveq	r0, #27
 8000be4:	f002 b8d8 	b.w	8002d98 <nvic_irq_enable>
 8000be8:	f04f 4790 	mov.w	r7, #1207959552	@ 0x48000000
 8000bec:	f04f 080c 	mov.w	r8, #12
 8000bf0:	4c07      	ldr	r4, [pc, #28]	@ (8000c10 <gs_board_uart_init+0x108>)
 8000bf2:	e793      	b.n	8000b1c <gs_board_uart_init+0x14>
 8000bf4:	40013800 	.word	0x40013800
 8000bf8:	48000400 	.word	0x48000400
 8000bfc:	2000004e 	.word	0x2000004e
 8000c00:	20000020 	.word	0x20000020
 8000c04:	2000004c 	.word	0x2000004c
 8000c08:	2000004a 	.word	0x2000004a
 8000c0c:	20000048 	.word	0x20000048
 8000c10:	40004400 	.word	0x40004400

08000c14 <gs_board_uart_read>:
 8000c14:	4603      	mov	r3, r0
 8000c16:	b530      	push	{r4, r5, lr}
 8000c18:	4608      	mov	r0, r1
 8000c1a:	b181      	cbz	r1, 8000c3e <gs_board_uart_read+0x2a>
 8000c1c:	4c09      	ldr	r4, [pc, #36]	@ (8000c44 <gs_board_uart_read+0x30>)
 8000c1e:	4d0a      	ldr	r5, [pc, #40]	@ (8000c48 <gs_board_uart_read+0x34>)
 8000c20:	5ce1      	ldrb	r1, [r4, r3]
 8000c22:	5ced      	ldrb	r5, [r5, r3]
 8000c24:	b2ca      	uxtb	r2, r1
 8000c26:	428d      	cmp	r5, r1
 8000c28:	d00a      	beq.n	8000c40 <gs_board_uart_read+0x2c>
 8000c2a:	4908      	ldr	r1, [pc, #32]	@ (8000c4c <gs_board_uart_read+0x38>)
 8000c2c:	eb01 11c3 	add.w	r1, r1, r3, lsl #7
 8000c30:	5c89      	ldrb	r1, [r1, r2]
 8000c32:	3201      	adds	r2, #1
 8000c34:	7001      	strb	r1, [r0, #0]
 8000c36:	2001      	movs	r0, #1
 8000c38:	f002 027f 	and.w	r2, r2, #127	@ 0x7f
 8000c3c:	54e2      	strb	r2, [r4, r3]
 8000c3e:	bd30      	pop	{r4, r5, pc}
 8000c40:	2000      	movs	r0, #0
 8000c42:	e7fc      	b.n	8000c3e <gs_board_uart_read+0x2a>
 8000c44:	2000004c 	.word	0x2000004c
 8000c48:	2000004e 	.word	0x2000004e
 8000c4c:	20000050 	.word	0x20000050

08000c50 <gs_board_uart_write>:
 8000c50:	b570      	push	{r4, r5, r6, lr}
 8000c52:	b199      	cbz	r1, 8000c7c <gs_board_uart_write+0x2c>
 8000c54:	b35a      	cbz	r2, 8000cae <gs_board_uart_write+0x5e>
 8000c56:	4d17      	ldr	r5, [pc, #92]	@ (8000cb4 <gs_board_uart_write+0x64>)
 8000c58:	4e17      	ldr	r6, [pc, #92]	@ (8000cb8 <gs_board_uart_write+0x68>)
 8000c5a:	5c2b      	ldrb	r3, [r5, r0]
 8000c5c:	5c36      	ldrb	r6, [r6, r0]
 8000c5e:	b2dc      	uxtb	r4, r3
 8000c60:	1b9b      	subs	r3, r3, r6
 8000c62:	f003 037f 	and.w	r3, r3, #127	@ 0x7f
 8000c66:	f1c3 037f 	rsb	r3, r3, #127	@ 0x7f
 8000c6a:	429a      	cmp	r2, r3
 8000c6c:	d908      	bls.n	8000c80 <gs_board_uart_write+0x30>
 8000c6e:	2214      	movs	r2, #20
 8000c70:	4b12      	ldr	r3, [pc, #72]	@ (8000cbc <gs_board_uart_write+0x6c>)
 8000c72:	fb02 3300 	mla	r3, r2, r0, r3
 8000c76:	68da      	ldr	r2, [r3, #12]
 8000c78:	3201      	adds	r2, #1
 8000c7a:	60da      	str	r2, [r3, #12]
 8000c7c:	2000      	movs	r0, #0
 8000c7e:	bd70      	pop	{r4, r5, r6, pc}
 8000c80:	4b0f      	ldr	r3, [pc, #60]	@ (8000cc0 <gs_board_uart_write+0x70>)
 8000c82:	440a      	add	r2, r1
 8000c84:	eb03 13c0 	add.w	r3, r3, r0, lsl #7
 8000c88:	f811 6b01 	ldrb.w	r6, [r1], #1
 8000c8c:	551e      	strb	r6, [r3, r4]
 8000c8e:	4291      	cmp	r1, r2
 8000c90:	f104 0401 	add.w	r4, r4, #1
 8000c94:	f004 047f 	and.w	r4, r4, #127	@ 0x7f
 8000c98:	d1f6      	bne.n	8000c88 <gs_board_uart_write+0x38>
 8000c9a:	4a0a      	ldr	r2, [pc, #40]	@ (8000cc4 <gs_board_uart_write+0x74>)
 8000c9c:	4b0a      	ldr	r3, [pc, #40]	@ (8000cc8 <gs_board_uart_write+0x78>)
 8000c9e:	542c      	strb	r4, [r5, r0]
 8000ca0:	2800      	cmp	r0, #0
 8000ca2:	bf08      	it	eq
 8000ca4:	4613      	moveq	r3, r2
 8000ca6:	681a      	ldr	r2, [r3, #0]
 8000ca8:	f042 0280 	orr.w	r2, r2, #128	@ 0x80
 8000cac:	601a      	str	r2, [r3, #0]
 8000cae:	2001      	movs	r0, #1
 8000cb0:	e7e5      	b.n	8000c7e <gs_board_uart_write+0x2e>
 8000cb2:	bf00      	nop
 8000cb4:	2000004a 	.word	0x2000004a
 8000cb8:	20000048 	.word	0x20000048
 8000cbc:	20000020 	.word	0x20000020
 8000cc0:	20000150 	.word	0x20000150
 8000cc4:	40013800 	.word	0x40013800
 8000cc8:	40004400 	.word	0x40004400

08000ccc <USART0_IRQHandler>:
 8000ccc:	b508      	push	{r3, lr}
 8000cce:	2000      	movs	r0, #0
 8000cd0:	f7ff fb0a 	bl	80002e8 <service_uart_rx>
 8000cd4:	e8bd 4008 	ldmia.w	sp!, {r3, lr}
 8000cd8:	2000      	movs	r0, #0
 8000cda:	f7ff bb53 	b.w	8000384 <service_uart_tx>

08000cde <USART1_IRQHandler>:
 8000cde:	b508      	push	{r3, lr}
 8000ce0:	2001      	movs	r0, #1
 8000ce2:	f7ff fb01 	bl	80002e8 <service_uart_rx>
 8000ce6:	e8bd 4008 	ldmia.w	sp!, {r3, lr}
 8000cea:	2001      	movs	r0, #1
 8000cec:	f7ff bb4a 	b.w	8000384 <service_uart_tx>

08000cf0 <gs_board_uart_get_stats>:
 8000cf0:	b169      	cbz	r1, 8000d0e <gs_board_uart_get_stats+0x1e>
 8000cf2:	2314      	movs	r3, #20
 8000cf4:	4358      	muls	r0, r3
 8000cf6:	4a06      	ldr	r2, [pc, #24]	@ (8000d10 <gs_board_uart_get_stats+0x20>)
 8000cf8:	1813      	adds	r3, r2, r0
 8000cfa:	5812      	ldr	r2, [r2, r0]
 8000cfc:	600a      	str	r2, [r1, #0]
 8000cfe:	685a      	ldr	r2, [r3, #4]
 8000d00:	604a      	str	r2, [r1, #4]
 8000d02:	689a      	ldr	r2, [r3, #8]
 8000d04:	608a      	str	r2, [r1, #8]
 8000d06:	68da      	ldr	r2, [r3, #12]
 8000d08:	691b      	ldr	r3, [r3, #16]
 8000d0a:	60ca      	str	r2, [r1, #12]
 8000d0c:	610b      	str	r3, [r1, #16]
 8000d0e:	4770      	bx	lr
 8000d10:	20000020 	.word	0x20000020

08000d14 <gs_normalize_wheel_command>:
 8000d14:	f5b0 7f7a 	cmp.w	r0, #1000	@ 0x3e8
 8000d18:	dc0b      	bgt.n	8000d32 <gs_normalize_wheel_command+0x1e>
 8000d1a:	f510 7f7a 	cmn.w	r0, #1000	@ 0x3e8
 8000d1e:	db0b      	blt.n	8000d38 <gs_normalize_wheel_command+0x24>
 8000d20:	ea80 73e0 	eor.w	r3, r0, r0, asr #31
 8000d24:	eba3 73e0 	sub.w	r3, r3, r0, asr #31
 8000d28:	b29b      	uxth	r3, r3
 8000d2a:	2b31      	cmp	r3, #49	@ 0x31
 8000d2c:	bf98      	it	ls
 8000d2e:	2000      	movls	r0, #0
 8000d30:	4770      	bx	lr
 8000d32:	f44f 707a 	mov.w	r0, #1000	@ 0x3e8
 8000d36:	4770      	bx	lr
 8000d38:	4800      	ldr	r0, [pc, #0]	@ (8000d3c <gs_normalize_wheel_command+0x28>)
 8000d3a:	4770      	bx	lr
 8000d3c:	fffffc18 	.word	0xfffffc18

08000d40 <gs_normalize_wheel_pair>:
 8000d40:	b51f      	push	{r0, r1, r2, r3, r4, lr}
 8000d42:	1401      	asrs	r1, r0, #16
 8000d44:	b200      	sxth	r0, r0
 8000d46:	f7ff ffe5 	bl	8000d14 <gs_normalize_wheel_command>
 8000d4a:	4602      	mov	r2, r0
 8000d4c:	4608      	mov	r0, r1
 8000d4e:	f7ff ffe1 	bl	8000d14 <gs_normalize_wheel_command>
 8000d52:	2300      	movs	r3, #0
 8000d54:	b292      	uxth	r2, r2
 8000d56:	f362 030f 	bfi	r3, r2, #0, #16
 8000d5a:	b280      	uxth	r0, r0
 8000d5c:	f360 431f 	bfi	r3, r0, #16, #16
 8000d60:	4618      	mov	r0, r3
 8000d62:	b005      	add	sp, #20
 8000d64:	f85d fb04 	ldr.w	pc, [sp], #4

08000d68 <gs_mix_wheels>:
 8000d68:	1843      	adds	r3, r0, r1
 8000d6a:	1a40      	subs	r0, r0, r1
 8000d6c:	ea83 72e3 	eor.w	r2, r3, r3, asr #31
 8000d70:	ea80 71e0 	eor.w	r1, r0, r0, asr #31
 8000d74:	eba2 72e3 	sub.w	r2, r2, r3, asr #31
 8000d78:	eba1 71e0 	sub.w	r1, r1, r0, asr #31
 8000d7c:	428a      	cmp	r2, r1
 8000d7e:	bfb8      	it	lt
 8000d80:	460a      	movlt	r2, r1
 8000d82:	f5b2 7f7a 	cmp.w	r2, #1000	@ 0x3e8
 8000d86:	b082      	sub	sp, #8
 8000d88:	dd07      	ble.n	8000d9a <gs_mix_wheels+0x32>
 8000d8a:	f44f 717a 	mov.w	r1, #1000	@ 0x3e8
 8000d8e:	434b      	muls	r3, r1
 8000d90:	4348      	muls	r0, r1
 8000d92:	fb93 f3f2 	sdiv	r3, r3, r2
 8000d96:	fb90 f0f2 	sdiv	r0, r0, r2
 8000d9a:	f5b3 7f7a 	cmp.w	r3, #1000	@ 0x3e8
 8000d9e:	dc12      	bgt.n	8000dc6 <gs_mix_wheels+0x5e>
 8000da0:	f513 7f7a 	cmn.w	r3, #1000	@ 0x3e8
 8000da4:	db12      	blt.n	8000dcc <gs_mix_wheels+0x64>
 8000da6:	b21b      	sxth	r3, r3
 8000da8:	f5b0 7f7a 	cmp.w	r0, #1000	@ 0x3e8
 8000dac:	f8ad 3000 	strh.w	r3, [sp]
 8000db0:	dc0e      	bgt.n	8000dd0 <gs_mix_wheels+0x68>
 8000db2:	f510 7f7a 	cmn.w	r0, #1000	@ 0x3e8
 8000db6:	db0e      	blt.n	8000dd6 <gs_mix_wheels+0x6e>
 8000db8:	b200      	sxth	r0, r0
 8000dba:	f8ad 0002 	strh.w	r0, [sp, #2]
 8000dbe:	9800      	ldr	r0, [sp, #0]
 8000dc0:	b002      	add	sp, #8
 8000dc2:	f7ff bfbd 	b.w	8000d40 <gs_normalize_wheel_pair>
 8000dc6:	f44f 737a 	mov.w	r3, #1000	@ 0x3e8
 8000dca:	e7ed      	b.n	8000da8 <gs_mix_wheels+0x40>
 8000dcc:	4b03      	ldr	r3, [pc, #12]	@ (8000ddc <gs_mix_wheels+0x74>)
 8000dce:	e7eb      	b.n	8000da8 <gs_mix_wheels+0x40>
 8000dd0:	f44f 707a 	mov.w	r0, #1000	@ 0x3e8
 8000dd4:	e7f1      	b.n	8000dba <gs_mix_wheels+0x52>
 8000dd6:	4801      	ldr	r0, [pc, #4]	@ (8000ddc <gs_mix_wheels+0x74>)
 8000dd8:	e7ef      	b.n	8000dba <gs_mix_wheels+0x52>
 8000dda:	bf00      	nop
 8000ddc:	fffffc18 	.word	0xfffffc18

08000de0 <gs_direct_wheels>:
 8000de0:	4b0c      	ldr	r3, [pc, #48]	@ (8000e14 <gs_direct_wheels+0x34>)
 8000de2:	b082      	sub	sp, #8
 8000de4:	4298      	cmp	r0, r3
 8000de6:	bfb8      	it	lt
 8000de8:	4618      	movlt	r0, r3
 8000dea:	f5b0 7f7a 	cmp.w	r0, #1000	@ 0x3e8
 8000dee:	bfa8      	it	ge
 8000df0:	f44f 707a 	movge.w	r0, #1000	@ 0x3e8
 8000df4:	4299      	cmp	r1, r3
 8000df6:	bfb8      	it	lt
 8000df8:	4619      	movlt	r1, r3
 8000dfa:	f5b1 7f7a 	cmp.w	r1, #1000	@ 0x3e8
 8000dfe:	bfa8      	it	ge
 8000e00:	f44f 717a 	movge.w	r1, #1000	@ 0x3e8
 8000e04:	f8ad 0000 	strh.w	r0, [sp]
 8000e08:	f8ad 1002 	strh.w	r1, [sp, #2]
 8000e0c:	9800      	ldr	r0, [sp, #0]
 8000e0e:	b002      	add	sp, #8
 8000e10:	f7ff bf96 	b.w	8000d40 <gs_normalize_wheel_pair>
 8000e14:	fffffc18 	.word	0xfffffc18

08000e18 <gs_slave_electrical_command>:
 8000e18:	4240      	negs	r0, r0
 8000e1a:	b200      	sxth	r0, r0
 8000e1c:	4770      	bx	lr

08000e1e <gs_slave_logical_odometer>:
 8000e1e:	4240      	negs	r0, r0
 8000e20:	4770      	bx	lr

08000e22 <stop_master>:
 8000e22:	2300      	movs	r3, #0
 8000e24:	e9c0 3301 	strd	r3, r3, [r0, #4]
 8000e28:	8043      	strh	r3, [r0, #2]
 8000e2a:	8183      	strh	r3, [r0, #12]
 8000e2c:	f890 3064 	ldrb.w	r3, [r0, #100]	@ 0x64
 8000e30:	7001      	strb	r1, [r0, #0]
 8000e32:	f043 0340 	orr.w	r3, r3, #64	@ 0x40
 8000e36:	f880 3064 	strb.w	r3, [r0, #100]	@ 0x64
 8000e3a:	4770      	bx	lr

08000e3c <gs_master_init>:
 8000e3c:	b538      	push	{r3, r4, r5, lr}
 8000e3e:	460d      	mov	r5, r1
 8000e40:	4604      	mov	r4, r0
 8000e42:	b140      	cbz	r0, 8000e56 <gs_master_init+0x1a>
 8000e44:	2274      	movs	r2, #116	@ 0x74
 8000e46:	2100      	movs	r1, #0
 8000e48:	f001 fb5f 	bl	800250a <memset>
 8000e4c:	2340      	movs	r3, #64	@ 0x40
 8000e4e:	e9c4 550f 	strd	r5, r5, [r4, #60]	@ 0x3c
 8000e52:	f884 3064 	strb.w	r3, [r4, #100]	@ 0x64
 8000e56:	bd38      	pop	{r3, r4, r5, pc}

08000e58 <gs_master_peer_healthy>:
 8000e58:	4603      	mov	r3, r0
 8000e5a:	b178      	cbz	r0, 8000e7c <gs_master_peer_healthy+0x24>
 8000e5c:	f890 0061 	ldrb.w	r0, [r0, #97]	@ 0x61
 8000e60:	b168      	cbz	r0, 8000e7e <gs_master_peer_healthy+0x26>
 8000e62:	6c1a      	ldr	r2, [r3, #64]	@ 0x40
 8000e64:	1a89      	subs	r1, r1, r2
 8000e66:	2964      	cmp	r1, #100	@ 0x64
 8000e68:	d808      	bhi.n	8000e7c <gs_master_peer_healthy+0x24>
 8000e6a:	7d1a      	ldrb	r2, [r3, #20]
 8000e6c:	3a01      	subs	r2, #1
 8000e6e:	2a01      	cmp	r2, #1
 8000e70:	d804      	bhi.n	8000e7c <gs_master_peer_healthy+0x24>
 8000e72:	69d8      	ldr	r0, [r3, #28]
 8000e74:	fab0 f080 	clz	r0, r0
 8000e78:	0940      	lsrs	r0, r0, #5
 8000e7a:	4770      	bx	lr
 8000e7c:	2000      	movs	r0, #0
 8000e7e:	4770      	bx	lr

08000e80 <gs_master_accept_esp_frame>:
 8000e80:	e92d 4ff0 	stmdb	sp!, {r4, r5, r6, r7, r8, r9, sl, fp, lr}
 8000e84:	4690      	mov	r8, r2
 8000e86:	4604      	mov	r4, r0
 8000e88:	b085      	sub	sp, #20
 8000e8a:	b920      	cbnz	r0, 8000e96 <gs_master_accept_esp_frame+0x16>
 8000e8c:	2700      	movs	r7, #0
 8000e8e:	4638      	mov	r0, r7
 8000e90:	b005      	add	sp, #20
 8000e92:	e8bd 8ff0 	ldmia.w	sp!, {r4, r5, r6, r7, r8, r9, sl, fp, pc}
 8000e96:	f10d 0908 	add.w	r9, sp, #8
 8000e9a:	4648      	mov	r0, r9
 8000e9c:	f000 fdea 	bl	8001a74 <gs_decode_esp_command>
 8000ea0:	4607      	mov	r7, r0
 8000ea2:	b918      	cbnz	r0, 8000eac <gs_master_accept_esp_frame+0x2c>
 8000ea4:	6ce3      	ldr	r3, [r4, #76]	@ 0x4c
 8000ea6:	3301      	adds	r3, #1
 8000ea8:	64e3      	str	r3, [r4, #76]	@ 0x4c
 8000eaa:	e7ef      	b.n	8000e8c <gs_master_accept_esp_frame+0xc>
 8000eac:	f894 6062 	ldrb.w	r6, [r4, #98]	@ 0x62
 8000eb0:	2e00      	cmp	r6, #0
 8000eb2:	f040 8089 	bne.w	8000fc8 <gs_master_accept_esp_frame+0x148>
 8000eb6:	f8bd 3008 	ldrh.w	r3, [sp, #8]
 8000eba:	f8bd 200a 	ldrh.w	r2, [sp, #10]
 8000ebe:	4313      	orrs	r3, r2
 8000ec0:	b21b      	sxth	r3, r3
 8000ec2:	b9a3      	cbnz	r3, 8000eee <gs_master_accept_esp_frame+0x6e>
 8000ec4:	f89d 300c 	ldrb.w	r3, [sp, #12]
 8000ec8:	065a      	lsls	r2, r3, #25
 8000eca:	d510      	bpl.n	8000eee <gs_master_accept_esp_frame+0x6e>
 8000ecc:	f89d 300d 	ldrb.w	r3, [sp, #13]
 8000ed0:	065b      	lsls	r3, r3, #25
 8000ed2:	d50c      	bpl.n	8000eee <gs_master_accept_esp_frame+0x6e>
 8000ed4:	7823      	ldrb	r3, [r4, #0]
 8000ed6:	2b00      	cmp	r3, #0
 8000ed8:	d074      	beq.n	8000fc4 <gs_master_accept_esp_frame+0x144>
 8000eda:	2b03      	cmp	r3, #3
 8000edc:	d072      	beq.n	8000fc4 <gs_master_accept_esp_frame+0x144>
 8000ede:	6be6      	ldr	r6, [r4, #60]	@ 0x3c
 8000ee0:	eba8 0606 	sub.w	r6, r8, r6
 8000ee4:	f5b6 7fc8 	cmp.w	r6, #400	@ 0x190
 8000ee8:	bf94      	ite	ls
 8000eea:	2600      	movls	r6, #0
 8000eec:	2601      	movhi	r6, #1
 8000eee:	f894 3060 	ldrb.w	r3, [r4, #96]	@ 0x60
 8000ef2:	b1db      	cbz	r3, 8000f2c <gs_master_accept_esp_frame+0xac>
 8000ef4:	f8bd 300e 	ldrh.w	r3, [sp, #14]
 8000ef8:	f8b4 205c 	ldrh.w	r2, [r4, #92]	@ 0x5c
 8000efc:	4293      	cmp	r3, r2
 8000efe:	d168      	bne.n	8000fd2 <gs_master_accept_esp_frame+0x152>
 8000f00:	f9bd 1008 	ldrsh.w	r1, [sp, #8]
 8000f04:	f9b4 2030 	ldrsh.w	r2, [r4, #48]	@ 0x30
 8000f08:	4291      	cmp	r1, r2
 8000f0a:	d10d      	bne.n	8000f28 <gs_master_accept_esp_frame+0xa8>
 8000f0c:	f9bd 100a 	ldrsh.w	r1, [sp, #10]
 8000f10:	f9b4 2032 	ldrsh.w	r2, [r4, #50]	@ 0x32
 8000f14:	4291      	cmp	r1, r2
 8000f16:	d107      	bne.n	8000f28 <gs_master_accept_esp_frame+0xa8>
 8000f18:	f8bd 100c 	ldrh.w	r1, [sp, #12]
 8000f1c:	8ea2      	ldrh	r2, [r4, #52]	@ 0x34
 8000f1e:	4291      	cmp	r1, r2
 8000f20:	d102      	bne.n	8000f28 <gs_master_accept_esp_frame+0xa8>
 8000f22:	8ee2      	ldrh	r2, [r4, #54]	@ 0x36
 8000f24:	429a      	cmp	r2, r3
 8000f26:	d051      	beq.n	8000fcc <gs_master_accept_esp_frame+0x14c>
 8000f28:	2e00      	cmp	r6, #0
 8000f2a:	d0bb      	beq.n	8000ea4 <gs_master_accept_esp_frame+0x24>
 8000f2c:	f89d 300c 	ldrb.w	r3, [sp, #12]
 8000f30:	f9bd 0008 	ldrsh.w	r0, [sp, #8]
 8000f34:	069d      	lsls	r5, r3, #26
 8000f36:	f9bd 100a 	ldrsh.w	r1, [sp, #10]
 8000f3a:	d551      	bpl.n	8000fe0 <gs_master_accept_esp_frame+0x160>
 8000f3c:	f7ff ff50 	bl	8000de0 <gs_direct_wheels>
 8000f40:	fa0f fa80 	sxth.w	sl, r0
 8000f44:	1405      	asrs	r5, r0, #16
 8000f46:	ea55 0b0a 	orrs.w	fp, r5, sl
 8000f4a:	d005      	beq.n	8000f58 <gs_master_accept_esp_frame+0xd8>
 8000f4c:	4641      	mov	r1, r8
 8000f4e:	4620      	mov	r0, r4
 8000f50:	f7ff ff82 	bl	8000e58 <gs_master_peer_healthy>
 8000f54:	2800      	cmp	r0, #0
 8000f56:	d0a5      	beq.n	8000ea4 <gs_master_accept_esp_frame+0x24>
 8000f58:	f894 3060 	ldrb.w	r3, [r4, #96]	@ 0x60
 8000f5c:	f8bd 200e 	ldrh.w	r2, [sp, #14]
 8000f60:	b15b      	cbz	r3, 8000f7a <gs_master_accept_esp_frame+0xfa>
 8000f62:	b956      	cbnz	r6, 8000f7a <gs_master_accept_esp_frame+0xfa>
 8000f64:	f8b4 305c 	ldrh.w	r3, [r4, #92]	@ 0x5c
 8000f68:	1ad3      	subs	r3, r2, r3
 8000f6a:	b29b      	uxth	r3, r3
 8000f6c:	2b01      	cmp	r3, #1
 8000f6e:	bf81      	itttt	hi
 8000f70:	6d21      	ldrhi	r1, [r4, #80]	@ 0x50
 8000f72:	f101 31ff 	addhi.w	r1, r1, #4294967295	@ 0xffffffff
 8000f76:	18c9      	addhi	r1, r1, r3
 8000f78:	6521      	strhi	r1, [r4, #80]	@ 0x50
 8000f7a:	f104 0330 	add.w	r3, r4, #48	@ 0x30
 8000f7e:	e899 0003 	ldmia.w	r9, {r0, r1}
 8000f82:	e883 0003 	stmia.w	r3, {r0, r1}
 8000f86:	f8a4 205c 	strh.w	r2, [r4, #92]	@ 0x5c
 8000f8a:	2201      	movs	r2, #1
 8000f8c:	6ca3      	ldr	r3, [r4, #72]	@ 0x48
 8000f8e:	f99d 000c 	ldrsb.w	r0, [sp, #12]
 8000f92:	4413      	add	r3, r2
 8000f94:	64a3      	str	r3, [r4, #72]	@ 0x48
 8000f96:	f89d 300d 	ldrb.w	r3, [sp, #13]
 8000f9a:	2800      	cmp	r0, #0
 8000f9c:	f89d 100c 	ldrb.w	r1, [sp, #12]
 8000fa0:	f8c4 803c 	str.w	r8, [r4, #60]	@ 0x3c
 8000fa4:	f884 2060 	strb.w	r2, [r4, #96]	@ 0x60
 8000fa8:	f884 3064 	strb.w	r3, [r4, #100]	@ 0x64
 8000fac:	da1b      	bge.n	8000fe6 <gs_master_accept_esp_frame+0x166>
 8000fae:	f063 033f 	orn	r3, r3, #63	@ 0x3f
 8000fb2:	f8a4 2062 	strh.w	r2, [r4, #98]	@ 0x62
 8000fb6:	f884 3064 	strb.w	r3, [r4, #100]	@ 0x64
 8000fba:	2104      	movs	r1, #4
 8000fbc:	4620      	mov	r0, r4
 8000fbe:	f7ff ff30 	bl	8000e22 <stop_master>
 8000fc2:	e764      	b.n	8000e8e <gs_master_accept_esp_frame+0xe>
 8000fc4:	2601      	movs	r6, #1
 8000fc6:	e792      	b.n	8000eee <gs_master_accept_esp_frame+0x6e>
 8000fc8:	2600      	movs	r6, #0
 8000fca:	e790      	b.n	8000eee <gs_master_accept_esp_frame+0x6e>
 8000fcc:	f8c4 803c 	str.w	r8, [r4, #60]	@ 0x3c
 8000fd0:	e75d      	b.n	8000e8e <gs_master_accept_esp_frame+0xe>
 8000fd2:	2e00      	cmp	r6, #0
 8000fd4:	d1aa      	bne.n	8000f2c <gs_master_accept_esp_frame+0xac>
 8000fd6:	1a9b      	subs	r3, r3, r2
 8000fd8:	b21b      	sxth	r3, r3
 8000fda:	2b00      	cmp	r3, #0
 8000fdc:	dca6      	bgt.n	8000f2c <gs_master_accept_esp_frame+0xac>
 8000fde:	e761      	b.n	8000ea4 <gs_master_accept_esp_frame+0x24>
 8000fe0:	f7ff fec2 	bl	8000d68 <gs_mix_wheels>
 8000fe4:	e7ac      	b.n	8000f40 <gs_master_accept_esp_frame+0xc0>
 8000fe6:	f894 0062 	ldrb.w	r0, [r4, #98]	@ 0x62
 8000fea:	2800      	cmp	r0, #0
 8000fec:	d1e5      	bne.n	8000fba <gs_master_accept_esp_frame+0x13a>
 8000fee:	f011 0040 	ands.w	r0, r1, #64	@ 0x40
 8000ff2:	d00a      	beq.n	800100a <gs_master_accept_esp_frame+0x18a>
 8000ff4:	07c9      	lsls	r1, r1, #31
 8000ff6:	f043 0340 	orr.w	r3, r3, #64	@ 0x40
 8000ffa:	f04f 0100 	mov.w	r1, #0
 8000ffe:	bf48      	it	mi
 8001000:	f884 2063 	strbmi.w	r2, [r4, #99]	@ 0x63
 8001004:	f884 3064 	strb.w	r3, [r4, #100]	@ 0x64
 8001008:	e7d8      	b.n	8000fbc <gs_master_accept_esp_frame+0x13c>
 800100a:	6ba3      	ldr	r3, [r4, #56]	@ 0x38
 800100c:	f884 0063 	strb.w	r0, [r4, #99]	@ 0x63
 8001010:	b10b      	cbz	r3, 8001016 <gs_master_accept_esp_frame+0x196>
 8001012:	2103      	movs	r1, #3
 8001014:	e7d2      	b.n	8000fbc <gs_master_accept_esp_frame+0x13c>
 8001016:	f1bb 0f00 	cmp.w	fp, #0
 800101a:	bf14      	ite	ne
 800101c:	2302      	movne	r3, #2
 800101e:	2301      	moveq	r3, #1
 8001020:	f8a4 a002 	strh.w	sl, [r4, #2]
 8001024:	80a5      	strh	r5, [r4, #4]
 8001026:	f8a4 a006 	strh.w	sl, [r4, #6]
 800102a:	8125      	strh	r5, [r4, #8]
 800102c:	7023      	strb	r3, [r4, #0]
 800102e:	e72e      	b.n	8000e8e <gs_master_accept_esp_frame+0xe>

08001030 <gs_master_tick>:
 8001030:	b538      	push	{r3, r4, r5, lr}
 8001032:	460d      	mov	r5, r1
 8001034:	4604      	mov	r4, r0
 8001036:	b348      	cbz	r0, 800108c <gs_master_tick+0x5c>
 8001038:	f890 3060 	ldrb.w	r3, [r0, #96]	@ 0x60
 800103c:	b333      	cbz	r3, 800108c <gs_master_tick+0x5c>
 800103e:	7802      	ldrb	r2, [r0, #0]
 8001040:	1e53      	subs	r3, r2, #1
 8001042:	2b01      	cmp	r3, #1
 8001044:	d822      	bhi.n	800108c <gs_master_tick+0x5c>
 8001046:	6bc3      	ldr	r3, [r0, #60]	@ 0x3c
 8001048:	1acb      	subs	r3, r1, r3
 800104a:	f5b3 7fc8 	cmp.w	r3, #400	@ 0x190
 800104e:	d908      	bls.n	8001062 <gs_master_tick+0x32>
 8001050:	2103      	movs	r1, #3
 8001052:	6b83      	ldr	r3, [r0, #56]	@ 0x38
 8001054:	f043 0302 	orr.w	r3, r3, #2
 8001058:	6383      	str	r3, [r0, #56]	@ 0x38
 800105a:	e8bd 4038 	ldmia.w	sp!, {r3, r4, r5, lr}
 800105e:	f7ff bee0 	b.w	8000e22 <stop_master>
 8001062:	2a02      	cmp	r2, #2
 8001064:	d112      	bne.n	800108c <gs_master_tick+0x5c>
 8001066:	f7ff fef7 	bl	8000e58 <gs_master_peer_healthy>
 800106a:	b930      	cbnz	r0, 800107a <gs_master_tick+0x4a>
 800106c:	6ba3      	ldr	r3, [r4, #56]	@ 0x38
 800106e:	2103      	movs	r1, #3
 8001070:	f043 0304 	orr.w	r3, r3, #4
 8001074:	4620      	mov	r0, r4
 8001076:	63a3      	str	r3, [r4, #56]	@ 0x38
 8001078:	e7ef      	b.n	800105a <gs_master_tick+0x2a>
 800107a:	8c62      	ldrh	r2, [r4, #34]	@ 0x22
 800107c:	f8b4 305e 	ldrh.w	r3, [r4, #94]	@ 0x5e
 8001080:	429a      	cmp	r2, r3
 8001082:	d003      	beq.n	800108c <gs_master_tick+0x5c>
 8001084:	6c63      	ldr	r3, [r4, #68]	@ 0x44
 8001086:	1aed      	subs	r5, r5, r3
 8001088:	2d64      	cmp	r5, #100	@ 0x64
 800108a:	d8ef      	bhi.n	800106c <gs_master_tick+0x3c>
 800108c:	bd38      	pop	{r3, r4, r5, pc}

0800108e <gs_master_make_slave_frame>:
 800108e:	b573      	push	{r0, r1, r4, r5, r6, lr}
 8001090:	460d      	mov	r5, r1
 8001092:	4616      	mov	r6, r2
 8001094:	4604      	mov	r4, r0
 8001096:	b910      	cbnz	r0, 800109e <gs_master_make_slave_frame+0x10>
 8001098:	2000      	movs	r0, #0
 800109a:	b002      	add	sp, #8
 800109c:	bd70      	pop	{r4, r5, r6, pc}
 800109e:	2900      	cmp	r1, #0
 80010a0:	d0fa      	beq.n	8001098 <gs_master_make_slave_frame+0xa>
 80010a2:	f9b0 0008 	ldrsh.w	r0, [r0, #8]
 80010a6:	f7ff feb7 	bl	8000e18 <gs_slave_electrical_command>
 80010aa:	f894 3064 	ldrb.w	r3, [r4, #100]	@ 0x64
 80010ae:	f8b4 205c 	ldrh.w	r2, [r4, #92]	@ 0x5c
 80010b2:	7821      	ldrb	r1, [r4, #0]
 80010b4:	f8ad 0000 	strh.w	r0, [sp]
 80010b8:	f88d 3002 	strb.w	r3, [sp, #2]
 80010bc:	f8ad 2004 	strh.w	r2, [sp, #4]
 80010c0:	b111      	cbz	r1, 80010c8 <gs_master_make_slave_frame+0x3a>
 80010c2:	3903      	subs	r1, #3
 80010c4:	2901      	cmp	r1, #1
 80010c6:	d806      	bhi.n	80010d6 <gs_master_make_slave_frame+0x48>
 80010c8:	2200      	movs	r2, #0
 80010ca:	f043 0340 	orr.w	r3, r3, #64	@ 0x40
 80010ce:	f8ad 2000 	strh.w	r2, [sp]
 80010d2:	f88d 3002 	strb.w	r3, [sp, #2]
 80010d6:	4669      	mov	r1, sp
 80010d8:	4628      	mov	r0, r5
 80010da:	f000 fcfb 	bl	8001ad4 <gs_encode_slave_command>
 80010de:	2800      	cmp	r0, #0
 80010e0:	d0da      	beq.n	8001098 <gs_master_make_slave_frame+0xa>
 80010e2:	f8bd 3004 	ldrh.w	r3, [sp, #4]
 80010e6:	f8b4 205e 	ldrh.w	r2, [r4, #94]	@ 0x5e
 80010ea:	f8a4 305e 	strh.w	r3, [r4, #94]	@ 0x5e
 80010ee:	429a      	cmp	r2, r3
 80010f0:	bf18      	it	ne
 80010f2:	6466      	strne	r6, [r4, #68]	@ 0x44
 80010f4:	e7d1      	b.n	800109a <gs_master_make_slave_frame+0xc>

080010f6 <gs_master_accept_slave_feedback>:
 80010f6:	e92d 41f0 	stmdb	sp!, {r4, r5, r6, r7, r8, lr}
 80010fa:	4690      	mov	r8, r2
 80010fc:	4604      	mov	r4, r0
 80010fe:	b088      	sub	sp, #32
 8001100:	b138      	cbz	r0, 8001112 <gs_master_accept_slave_feedback+0x1c>
 8001102:	a801      	add	r0, sp, #4
 8001104:	f000 fd09 	bl	8001b1a <gs_decode_slave_feedback>
 8001108:	4607      	mov	r7, r0
 800110a:	b938      	cbnz	r0, 800111c <gs_master_accept_slave_feedback+0x26>
 800110c:	6da3      	ldr	r3, [r4, #88]	@ 0x58
 800110e:	3301      	adds	r3, #1
 8001110:	65a3      	str	r3, [r4, #88]	@ 0x58
 8001112:	2700      	movs	r7, #0
 8001114:	4638      	mov	r0, r7
 8001116:	b008      	add	sp, #32
 8001118:	e8bd 81f0 	ldmia.w	sp!, {r4, r5, r6, r7, r8, pc}
 800111c:	f104 0614 	add.w	r6, r4, #20
 8001120:	ad01      	add	r5, sp, #4
 8001122:	cd0f      	ldmia	r5!, {r0, r1, r2, r3}
 8001124:	c60f      	stmia	r6!, {r0, r1, r2, r3}
 8001126:	e895 0007 	ldmia.w	r5, {r0, r1, r2}
 800112a:	e886 0007 	stmia.w	r6, {r0, r1, r2}
 800112e:	f9bd 0010 	ldrsh.w	r0, [sp, #16]
 8001132:	f7ff fe71 	bl	8000e18 <gs_slave_electrical_command>
 8001136:	2301      	movs	r3, #1
 8001138:	f884 3061 	strb.w	r3, [r4, #97]	@ 0x61
 800113c:	6d63      	ldr	r3, [r4, #84]	@ 0x54
 800113e:	81a0      	strh	r0, [r4, #12]
 8001140:	3301      	adds	r3, #1
 8001142:	6563      	str	r3, [r4, #84]	@ 0x54
 8001144:	7823      	ldrb	r3, [r4, #0]
 8001146:	f8c4 8040 	str.w	r8, [r4, #64]	@ 0x40
 800114a:	2b02      	cmp	r3, #2
 800114c:	d1e2      	bne.n	8001114 <gs_master_accept_slave_feedback+0x1e>
 800114e:	f89d 2004 	ldrb.w	r2, [sp, #4]
 8001152:	9b03      	ldr	r3, [sp, #12]
 8001154:	3a01      	subs	r2, #1
 8001156:	2a01      	cmp	r2, #1
 8001158:	d809      	bhi.n	800116e <gs_master_accept_slave_feedback+0x78>
 800115a:	2b00      	cmp	r3, #0
 800115c:	d0da      	beq.n	8001114 <gs_master_accept_slave_feedback+0x1e>
 800115e:	6ba2      	ldr	r2, [r4, #56]	@ 0x38
 8001160:	431a      	orrs	r2, r3
 8001162:	2103      	movs	r1, #3
 8001164:	4620      	mov	r0, r4
 8001166:	63a2      	str	r2, [r4, #56]	@ 0x38
 8001168:	f7ff fe5b 	bl	8000e22 <stop_master>
 800116c:	e7d2      	b.n	8001114 <gs_master_accept_slave_feedback+0x1e>
 800116e:	2b00      	cmp	r3, #0
 8001170:	bf08      	it	eq
 8001172:	2304      	moveq	r3, #4
 8001174:	6ba2      	ldr	r2, [r4, #56]	@ 0x38
 8001176:	e7f3      	b.n	8001160 <gs_master_accept_slave_feedback+0x6a>

08001178 <gs_master_fault_clear_requested>:
 8001178:	4603      	mov	r3, r0
 800117a:	b138      	cbz	r0, 800118c <gs_master_fault_clear_requested+0x14>
 800117c:	f890 0063 	ldrb.w	r0, [r0, #99]	@ 0x63
 8001180:	b120      	cbz	r0, 800118c <gs_master_fault_clear_requested+0x14>
 8001182:	7818      	ldrb	r0, [r3, #0]
 8001184:	fab0 f080 	clz	r0, r0
 8001188:	0940      	lsrs	r0, r0, #5
 800118a:	4770      	bx	lr
 800118c:	4770      	bx	lr

0800118e <gs_master_finish_fault_clear>:
 800118e:	b148      	cbz	r0, 80011a4 <gs_master_finish_fault_clear+0x16>
 8001190:	2300      	movs	r3, #0
 8001192:	b101      	cbz	r1, 8001196 <gs_master_finish_fault_clear+0x8>
 8001194:	6383      	str	r3, [r0, #56]	@ 0x38
 8001196:	e9c0 3301 	strd	r3, r3, [r0, #4]
 800119a:	f880 3063 	strb.w	r3, [r0, #99]	@ 0x63
 800119e:	7003      	strb	r3, [r0, #0]
 80011a0:	8043      	strh	r3, [r0, #2]
 80011a2:	8183      	strh	r3, [r0, #12]
 80011a4:	4770      	bx	lr

080011a6 <gs_master_set_runtime_status>:
 80011a6:	b120      	cbz	r0, 80011b2 <gs_master_set_runtime_status+0xc>
 80011a8:	0049      	lsls	r1, r1, #1
 80011aa:	ea41 0282 	orr.w	r2, r1, r2, lsl #2
 80011ae:	f880 2065 	strb.w	r2, [r0, #101]	@ 0x65
 80011b2:	4770      	bx	lr

080011b4 <gs_master_note_transport_overflow>:
 80011b4:	b130      	cbz	r0, 80011c4 <gs_master_note_transport_overflow+0x10>
 80011b6:	f890 3066 	ldrb.w	r3, [r0, #102]	@ 0x66
 80011ba:	f021 010f 	bic.w	r1, r1, #15
 80011be:	430b      	orrs	r3, r1
 80011c0:	f880 3066 	strb.w	r3, [r0, #102]	@ 0x66
 80011c4:	4770      	bx	lr

080011c6 <gs_master_set_remote_diagnostics>:
 80011c6:	b118      	cbz	r0, 80011d0 <gs_master_set_remote_diagnostics+0xa>
 80011c8:	f8a0 106c 	strh.w	r1, [r0, #108]	@ 0x6c
 80011cc:	f8a0 206e 	strh.w	r2, [r0, #110]	@ 0x6e
 80011d0:	4770      	bx	lr

080011d2 <gs_master_set_motor_status>:
 80011d2:	b128      	cbz	r0, 80011e0 <gs_master_set_motor_status+0xe>
 80011d4:	f880 1067 	strb.w	r1, [r0, #103]	@ 0x67
 80011d8:	f8a0 2068 	strh.w	r2, [r0, #104]	@ 0x68
 80011dc:	f880 306a 	strb.w	r3, [r0, #106]	@ 0x6a
 80011e0:	4770      	bx	lr

080011e2 <gs_master_set_hall_glitch_count>:
 80011e2:	b108      	cbz	r0, 80011e8 <gs_master_set_hall_glitch_count+0x6>
 80011e4:	f8a0 1070 	strh.w	r1, [r0, #112]	@ 0x70
 80011e8:	4770      	bx	lr

080011ea <gs_master_set_link_diagnostics>:
 80011ea:	b130      	cbz	r0, 80011fa <gs_master_set_link_diagnostics+0x10>
 80011ec:	f64f 73ff 	movw	r3, #65535	@ 0xffff
 80011f0:	4299      	cmp	r1, r3
 80011f2:	bf28      	it	cs
 80011f4:	4619      	movcs	r1, r3
 80011f6:	f8a0 1072 	strh.w	r1, [r0, #114]	@ 0x72
 80011fa:	4770      	bx	lr

080011fc <gs_master_make_feedback>:
 80011fc:	b5f0      	push	{r4, r5, r6, r7, lr}
 80011fe:	460d      	mov	r5, r1
 8001200:	4616      	mov	r6, r2
 8001202:	4604      	mov	r4, r0
 8001204:	b093      	sub	sp, #76	@ 0x4c
 8001206:	2800      	cmp	r0, #0
 8001208:	f000 80a1 	beq.w	800134e <gs_master_make_feedback+0x152>
 800120c:	2900      	cmp	r1, #0
 800120e:	f000 80a6 	beq.w	800135e <gs_master_make_feedback+0x162>
 8001212:	f890 3066 	ldrb.w	r3, [r0, #102]	@ 0x66
 8001216:	f890 7065 	ldrb.w	r7, [r0, #101]	@ 0x65
 800121a:	4611      	mov	r1, r2
 800121c:	431f      	orrs	r7, r3
 800121e:	f7ff fe1b 	bl	8000e58 <gs_master_peer_healthy>
 8001222:	f894 2063 	ldrb.w	r2, [r4, #99]	@ 0x63
 8001226:	ea40 0307 	orr.w	r3, r0, r7
 800122a:	b2db      	uxtb	r3, r3
 800122c:	b91a      	cbnz	r2, 8001236 <gs_master_make_feedback+0x3a>
 800122e:	f894 2027 	ldrb.w	r2, [r4, #39]	@ 0x27
 8001232:	0752      	lsls	r2, r2, #29
 8001234:	d501      	bpl.n	800123a <gs_master_make_feedback+0x3e>
 8001236:	f043 0308 	orr.w	r3, r3, #8
 800123a:	2204      	movs	r2, #4
 800123c:	f88d 2004 	strb.w	r2, [sp, #4]
 8001240:	7822      	ldrb	r2, [r4, #0]
 8001242:	f88d 3007 	strb.w	r3, [sp, #7]
 8001246:	f88d 2005 	strb.w	r2, [sp, #5]
 800124a:	f894 3060 	ldrb.w	r3, [r4, #96]	@ 0x60
 800124e:	7d22      	ldrb	r2, [r4, #20]
 8001250:	f88d 2006 	strb.w	r2, [sp, #6]
 8001254:	b10b      	cbz	r3, 800125a <gs_master_make_feedback+0x5e>
 8001256:	f8b4 305c 	ldrh.w	r3, [r4, #92]	@ 0x5c
 800125a:	f8ad 3008 	strh.w	r3, [sp, #8]
 800125e:	f8b4 305e 	ldrh.w	r3, [r4, #94]	@ 0x5e
 8001262:	69a0      	ldr	r0, [r4, #24]
 8001264:	f8ad 300a 	strh.w	r3, [sp, #10]
 8001268:	8c63      	ldrh	r3, [r4, #34]	@ 0x22
 800126a:	f8ad 300c 	strh.w	r3, [sp, #12]
 800126e:	8963      	ldrh	r3, [r4, #10]
 8001270:	f8ad 300e 	strh.w	r3, [sp, #14]
 8001274:	89a3      	ldrh	r3, [r4, #12]
 8001276:	f8ad 3010 	strh.w	r3, [sp, #16]
 800127a:	6923      	ldr	r3, [r4, #16]
 800127c:	9305      	str	r3, [sp, #20]
 800127e:	f7ff fdce 	bl	8000e1e <gs_slave_logical_odometer>
 8001282:	6ba3      	ldr	r3, [r4, #56]	@ 0x38
 8001284:	9006      	str	r0, [sp, #24]
 8001286:	9307      	str	r3, [sp, #28]
 8001288:	69e3      	ldr	r3, [r4, #28]
 800128a:	9308      	str	r3, [sp, #32]
 800128c:	f894 3060 	ldrb.w	r3, [r4, #96]	@ 0x60
 8001290:	2b00      	cmp	r3, #0
 8001292:	d05e      	beq.n	8001352 <gs_master_make_feedback+0x156>
 8001294:	4630      	mov	r0, r6
 8001296:	6be1      	ldr	r1, [r4, #60]	@ 0x3c
 8001298:	f000 fbe4 	bl	8001a64 <gs_age_ms_u16>
 800129c:	f894 3061 	ldrb.w	r3, [r4, #97]	@ 0x61
 80012a0:	f8ad 0024 	strh.w	r0, [sp, #36]	@ 0x24
 80012a4:	2b00      	cmp	r3, #0
 80012a6:	d057      	beq.n	8001358 <gs_master_make_feedback+0x15c>
 80012a8:	4630      	mov	r0, r6
 80012aa:	6c21      	ldr	r1, [r4, #64]	@ 0x40
 80012ac:	f000 fbda 	bl	8001a64 <gs_age_ms_u16>
 80012b0:	8ca3      	ldrh	r3, [r4, #36]	@ 0x24
 80012b2:	f894 206a 	ldrb.w	r2, [r4, #106]	@ 0x6a
 80012b6:	f8ad 3028 	strh.w	r3, [sp, #40]	@ 0x28
 80012ba:	f894 3067 	ldrb.w	r3, [r4, #103]	@ 0x67
 80012be:	f8ad 0026 	strh.w	r0, [sp, #38]	@ 0x26
 80012c2:	f88d 302a 	strb.w	r3, [sp, #42]	@ 0x2a
 80012c6:	f894 3026 	ldrb.w	r3, [r4, #38]	@ 0x26
 80012ca:	4628      	mov	r0, r5
 80012cc:	f88d 302b 	strb.w	r3, [sp, #43]	@ 0x2b
 80012d0:	f8b4 3068 	ldrh.w	r3, [r4, #104]	@ 0x68
 80012d4:	a901      	add	r1, sp, #4
 80012d6:	f8ad 302c 	strh.w	r3, [sp, #44]	@ 0x2c
 80012da:	8d23      	ldrh	r3, [r4, #40]	@ 0x28
 80012dc:	f8ad 302e 	strh.w	r3, [sp, #46]	@ 0x2e
 80012e0:	f894 3027 	ldrb.w	r3, [r4, #39]	@ 0x27
 80012e4:	005b      	lsls	r3, r3, #1
 80012e6:	f003 0306 	and.w	r3, r3, #6
 80012ea:	4313      	orrs	r3, r2
 80012ec:	f88d 3030 	strb.w	r3, [sp, #48]	@ 0x30
 80012f0:	f8b4 306c 	ldrh.w	r3, [r4, #108]	@ 0x6c
 80012f4:	6ca2      	ldr	r2, [r4, #72]	@ 0x48
 80012f6:	f8ad 3032 	strh.w	r3, [sp, #50]	@ 0x32
 80012fa:	f64f 73ff 	movw	r3, #65535	@ 0xffff
 80012fe:	429a      	cmp	r2, r3
 8001300:	bf28      	it	cs
 8001302:	461a      	movcs	r2, r3
 8001304:	f8ad 2034 	strh.w	r2, [sp, #52]	@ 0x34
 8001308:	6ce2      	ldr	r2, [r4, #76]	@ 0x4c
 800130a:	429a      	cmp	r2, r3
 800130c:	bf28      	it	cs
 800130e:	461a      	movcs	r2, r3
 8001310:	f8ad 2036 	strh.w	r2, [sp, #54]	@ 0x36
 8001314:	f8b4 206e 	ldrh.w	r2, [r4, #110]	@ 0x6e
 8001318:	f8ad 2038 	strh.w	r2, [sp, #56]	@ 0x38
 800131c:	f8b4 2070 	ldrh.w	r2, [r4, #112]	@ 0x70
 8001320:	f8ad 203a 	strh.w	r2, [sp, #58]	@ 0x3a
 8001324:	8d62      	ldrh	r2, [r4, #42]	@ 0x2a
 8001326:	f8ad 203c 	strh.w	r2, [sp, #60]	@ 0x3c
 800132a:	6da2      	ldr	r2, [r4, #88]	@ 0x58
 800132c:	4293      	cmp	r3, r2
 800132e:	bf28      	it	cs
 8001330:	4613      	movcs	r3, r2
 8001332:	f8ad 303e 	strh.w	r3, [sp, #62]	@ 0x3e
 8001336:	f8b4 3072 	ldrh.w	r3, [r4, #114]	@ 0x72
 800133a:	f8ad 3040 	strh.w	r3, [sp, #64]	@ 0x40
 800133e:	8da3      	ldrh	r3, [r4, #44]	@ 0x2c
 8001340:	f8ad 3042 	strh.w	r3, [sp, #66]	@ 0x42
 8001344:	8de3      	ldrh	r3, [r4, #46]	@ 0x2e
 8001346:	f8ad 3044 	strh.w	r3, [sp, #68]	@ 0x44
 800134a:	f000 fc15 	bl	8001b78 <gs_encode_master_feedback>
 800134e:	b013      	add	sp, #76	@ 0x4c
 8001350:	bdf0      	pop	{r4, r5, r6, r7, pc}
 8001352:	f64f 70ff 	movw	r0, #65535	@ 0xffff
 8001356:	e7a1      	b.n	800129c <gs_master_make_feedback+0xa0>
 8001358:	f64f 70ff 	movw	r0, #65535	@ 0xffff
 800135c:	e7a8      	b.n	80012b0 <gs_master_make_feedback+0xb4>
 800135e:	4608      	mov	r0, r1
 8001360:	e7f5      	b.n	800134e <gs_master_make_feedback+0x152>
	...

08001364 <gs_commutation_for_hall_profile>:
 8001364:	b530      	push	{r4, r5, lr}
 8001366:	4604      	mov	r4, r0
 8001368:	2c07      	cmp	r4, #7
 800136a:	4608      	mov	r0, r1
 800136c:	d81a      	bhi.n	80013a4 <gs_commutation_for_hall_profile+0x40>
 800136e:	b1cb      	cbz	r3, 80013a4 <gs_commutation_for_hall_profile+0x40>
 8001370:	b1b9      	cbz	r1, 80013a2 <gs_commutation_for_hall_profile+0x3e>
 8001372:	1e51      	subs	r1, r2, #1
 8001374:	2901      	cmp	r1, #1
 8001376:	d815      	bhi.n	80013a4 <gs_commutation_for_hall_profile+0x40>
 8001378:	490b      	ldr	r1, [pc, #44]	@ (80013a8 <gs_commutation_for_hall_profile+0x44>)
 800137a:	4d0c      	ldr	r5, [pc, #48]	@ (80013ac <gs_commutation_for_hall_profile+0x48>)
 800137c:	2a02      	cmp	r2, #2
 800137e:	bf08      	it	eq
 8001380:	4629      	moveq	r1, r5
 8001382:	2800      	cmp	r0, #0
 8001384:	bfca      	itet	gt
 8001386:	4a0a      	ldrgt	r2, [pc, #40]	@ (80013b0 <gs_commutation_for_hall_profile+0x4c>)
 8001388:	570a      	ldrsble	r2, [r1, r4]
 800138a:	5712      	ldrsbgt	r2, [r2, r4]
 800138c:	2a00      	cmp	r2, #0
 800138e:	db09      	blt.n	80013a4 <gs_commutation_for_hall_profile+0x40>
 8001390:	4908      	ldr	r1, [pc, #32]	@ (80013b4 <gs_commutation_for_hall_profile+0x50>)
 8001392:	eb02 0242 	add.w	r2, r2, r2, lsl #1
 8001396:	1888      	adds	r0, r1, r2
 8001398:	5a8a      	ldrh	r2, [r1, r2]
 800139a:	801a      	strh	r2, [r3, #0]
 800139c:	7882      	ldrb	r2, [r0, #2]
 800139e:	2001      	movs	r0, #1
 80013a0:	709a      	strb	r2, [r3, #2]
 80013a2:	bd30      	pop	{r4, r5, pc}
 80013a4:	2000      	movs	r0, #0
 80013a6:	e7fc      	b.n	80013a2 <gs_commutation_for_hall_profile+0x3e>
 80013a8:	08003764 	.word	0x08003764
 80013ac:	0800375c 	.word	0x0800375c
 80013b0:	0800376c 	.word	0x0800376c
 80013b4:	0800374a 	.word	0x0800374a

080013b8 <gs_validate_hall_transition>:
 80013b8:	b510      	push	{r4, lr}
 80013ba:	4604      	mov	r4, r0
 80013bc:	4610      	mov	r0, r2
 80013be:	1e62      	subs	r2, r4, #1
 80013c0:	2a05      	cmp	r2, #5
 80013c2:	d812      	bhi.n	80013ea <gs_validate_hall_transition+0x32>
 80013c4:	1e4a      	subs	r2, r1, #1
 80013c6:	2a05      	cmp	r2, #5
 80013c8:	d80f      	bhi.n	80013ea <gs_validate_hall_transition+0x32>
 80013ca:	b168      	cbz	r0, 80013e8 <gs_validate_hall_transition+0x30>
 80013cc:	428c      	cmp	r4, r1
 80013ce:	d00e      	beq.n	80013ee <gs_validate_hall_transition+0x36>
 80013d0:	2800      	cmp	r0, #0
 80013d2:	bfcc      	ite	gt
 80013d4:	4a08      	ldrgt	r2, [pc, #32]	@ (80013f8 <gs_validate_hall_transition+0x40>)
 80013d6:	4a09      	ldrle	r2, [pc, #36]	@ (80013fc <gs_validate_hall_transition+0x44>)
 80013d8:	5d12      	ldrb	r2, [r2, r4]
 80013da:	4291      	cmp	r1, r2
 80013dc:	d109      	bne.n	80013f2 <gs_validate_hall_transition+0x3a>
 80013de:	f5b3 7ffa 	cmp.w	r3, #500	@ 0x1f4
 80013e2:	bf34      	ite	cc
 80013e4:	2004      	movcc	r0, #4
 80013e6:	2002      	movcs	r0, #2
 80013e8:	bd10      	pop	{r4, pc}
 80013ea:	2000      	movs	r0, #0
 80013ec:	e7fc      	b.n	80013e8 <gs_validate_hall_transition+0x30>
 80013ee:	2001      	movs	r0, #1
 80013f0:	e7fa      	b.n	80013e8 <gs_validate_hall_transition+0x30>
 80013f2:	2003      	movs	r0, #3
 80013f4:	e7f8      	b.n	80013e8 <gs_validate_hall_transition+0x30>
 80013f6:	bf00      	nop
 80013f8:	08003742 	.word	0x08003742
 80013fc:	0800373a 	.word	0x0800373a

08001400 <gs_hall_qualifier_init>:
 8001400:	b570      	push	{r4, r5, r6, lr}
 8001402:	460d      	mov	r5, r1
 8001404:	4616      	mov	r6, r2
 8001406:	4604      	mov	r4, r0
 8001408:	b140      	cbz	r0, 800141c <gs_hall_qualifier_init+0x1c>
 800140a:	2210      	movs	r2, #16
 800140c:	2100      	movs	r1, #0
 800140e:	f001 f87c 	bl	800250a <memset>
 8001412:	2301      	movs	r3, #1
 8001414:	7025      	strb	r5, [r4, #0]
 8001416:	7065      	strb	r5, [r4, #1]
 8001418:	60a6      	str	r6, [r4, #8]
 800141a:	73a3      	strb	r3, [r4, #14]
 800141c:	bd70      	pop	{r4, r5, r6, pc}

0800141e <gs_hall_qualifier_update>:
 800141e:	b5f8      	push	{r3, r4, r5, r6, r7, lr}
 8001420:	460d      	mov	r5, r1
 8001422:	4616      	mov	r6, r2
 8001424:	4604      	mov	r4, r0
 8001426:	b118      	cbz	r0, 8001430 <gs_hall_qualifier_update+0x12>
 8001428:	7b87      	ldrb	r7, [r0, #14]
 800142a:	b91f      	cbnz	r7, 8001434 <gs_hall_qualifier_update+0x16>
 800142c:	f7ff ffe8 	bl	8001400 <gs_hall_qualifier_init>
 8001430:	2000      	movs	r0, #0
 8001432:	bdf8      	pop	{r3, r4, r5, r6, r7, pc}
 8001434:	7822      	ldrb	r2, [r4, #0]
 8001436:	7bc0      	ldrb	r0, [r0, #15]
 8001438:	428a      	cmp	r2, r1
 800143a:	d02c      	beq.n	8001496 <gs_hall_qualifier_update+0x78>
 800143c:	b310      	cbz	r0, 8001484 <gs_hall_qualifier_update+0x66>
 800143e:	6862      	ldr	r2, [r4, #4]
 8001440:	1ab1      	subs	r1, r6, r2
 8001442:	2931      	cmp	r1, #49	@ 0x31
 8001444:	d915      	bls.n	8001472 <gs_hall_qualifier_update+0x54>
 8001446:	b193      	cbz	r3, 800146e <gs_hall_qualifier_update+0x50>
 8001448:	78a7      	ldrb	r7, [r4, #2]
 800144a:	605a      	str	r2, [r3, #4]
 800144c:	701f      	strb	r7, [r3, #0]
 800144e:	68a1      	ldr	r1, [r4, #8]
 8001450:	1a51      	subs	r1, r2, r1
 8001452:	6099      	str	r1, [r3, #8]
 8001454:	2300      	movs	r3, #0
 8001456:	7067      	strb	r7, [r4, #1]
 8001458:	60a2      	str	r2, [r4, #8]
 800145a:	73e3      	strb	r3, [r4, #15]
 800145c:	7863      	ldrb	r3, [r4, #1]
 800145e:	7025      	strb	r5, [r4, #0]
 8001460:	42ab      	cmp	r3, r5
 8001462:	d0e6      	beq.n	8001432 <gs_hall_qualifier_update+0x14>
 8001464:	2301      	movs	r3, #1
 8001466:	70a5      	strb	r5, [r4, #2]
 8001468:	6066      	str	r6, [r4, #4]
 800146a:	73e3      	strb	r3, [r4, #15]
 800146c:	e7e1      	b.n	8001432 <gs_hall_qualifier_update+0x14>
 800146e:	4618      	mov	r0, r3
 8001470:	e7f4      	b.n	800145c <gs_hall_qualifier_update+0x3e>
 8001472:	f64f 72ff 	movw	r2, #65535	@ 0xffff
 8001476:	89a3      	ldrh	r3, [r4, #12]
 8001478:	4293      	cmp	r3, r2
 800147a:	bf1c      	itt	ne
 800147c:	3301      	addne	r3, #1
 800147e:	81a3      	strhne	r3, [r4, #12]
 8001480:	2300      	movs	r3, #0
 8001482:	73e3      	strb	r3, [r4, #15]
 8001484:	7863      	ldrb	r3, [r4, #1]
 8001486:	7025      	strb	r5, [r4, #0]
 8001488:	42ab      	cmp	r3, r5
 800148a:	d0d1      	beq.n	8001430 <gs_hall_qualifier_update+0x12>
 800148c:	2301      	movs	r3, #1
 800148e:	70a5      	strb	r5, [r4, #2]
 8001490:	6066      	str	r6, [r4, #4]
 8001492:	73e3      	strb	r3, [r4, #15]
 8001494:	e7cc      	b.n	8001430 <gs_hall_qualifier_update+0x12>
 8001496:	2800      	cmp	r0, #0
 8001498:	d0ca      	beq.n	8001430 <gs_hall_qualifier_update+0x12>
 800149a:	6862      	ldr	r2, [r4, #4]
 800149c:	1ab6      	subs	r6, r6, r2
 800149e:	2e31      	cmp	r6, #49	@ 0x31
 80014a0:	d9c6      	bls.n	8001430 <gs_hall_qualifier_update+0x12>
 80014a2:	2b00      	cmp	r3, #0
 80014a4:	d0c4      	beq.n	8001430 <gs_hall_qualifier_update+0x12>
 80014a6:	78a5      	ldrb	r5, [r4, #2]
 80014a8:	605a      	str	r2, [r3, #4]
 80014aa:	701d      	strb	r5, [r3, #0]
 80014ac:	68a1      	ldr	r1, [r4, #8]
 80014ae:	1a51      	subs	r1, r2, r1
 80014b0:	6099      	str	r1, [r3, #8]
 80014b2:	2300      	movs	r3, #0
 80014b4:	7065      	strb	r5, [r4, #1]
 80014b6:	60a2      	str	r2, [r4, #8]
 80014b8:	e7d7      	b.n	800146a <gs_hall_qualifier_update+0x4c>

080014ba <gs_hall_qualifier_value>:
 80014ba:	4603      	mov	r3, r0
 80014bc:	b118      	cbz	r0, 80014c6 <gs_hall_qualifier_value+0xc>
 80014be:	7b80      	ldrb	r0, [r0, #14]
 80014c0:	b108      	cbz	r0, 80014c6 <gs_hall_qualifier_value+0xc>
 80014c2:	7858      	ldrb	r0, [r3, #1]
 80014c4:	4770      	bx	lr
 80014c6:	4770      	bx	lr

080014c8 <gs_hall_qualifier_glitches>:
 80014c8:	b100      	cbz	r0, 80014cc <gs_hall_qualifier_glitches+0x4>
 80014ca:	8980      	ldrh	r0, [r0, #12]
 80014cc:	4770      	bx	lr

080014ce <gs_hall_qualifier_clear_safe>:
 80014ce:	4603      	mov	r3, r0
 80014d0:	b170      	cbz	r0, 80014f0 <gs_hall_qualifier_clear_safe+0x22>
 80014d2:	7b80      	ldrb	r0, [r0, #14]
 80014d4:	b168      	cbz	r0, 80014f2 <gs_hall_qualifier_clear_safe+0x24>
 80014d6:	7bd8      	ldrb	r0, [r3, #15]
 80014d8:	b950      	cbnz	r0, 80014f0 <gs_hall_qualifier_clear_safe+0x22>
 80014da:	1e4a      	subs	r2, r1, #1
 80014dc:	2a05      	cmp	r2, #5
 80014de:	d808      	bhi.n	80014f2 <gs_hall_qualifier_clear_safe+0x24>
 80014e0:	781a      	ldrb	r2, [r3, #0]
 80014e2:	428a      	cmp	r2, r1
 80014e4:	d105      	bne.n	80014f2 <gs_hall_qualifier_clear_safe+0x24>
 80014e6:	7858      	ldrb	r0, [r3, #1]
 80014e8:	1a83      	subs	r3, r0, r2
 80014ea:	4258      	negs	r0, r3
 80014ec:	4158      	adcs	r0, r3
 80014ee:	4770      	bx	lr
 80014f0:	2000      	movs	r0, #0
 80014f2:	4770      	bx	lr

080014f4 <advance_toward>:
 80014f4:	e92d 43f8 	stmdb	sp!, {r3, r4, r5, r6, r7, r8, r9, lr}
 80014f8:	ebb1 0800 	subs.w	r8, r1, r0
 80014fc:	4604      	mov	r4, r0
 80014fe:	460d      	mov	r5, r1
 8001500:	f8dd 9020 	ldr.w	r9, [sp, #32]
 8001504:	d106      	bne.n	8001514 <advance_toward+0x20>
 8001506:	2300      	movs	r3, #0
 8001508:	462c      	mov	r4, r5
 800150a:	f8a9 3000 	strh.w	r3, [r9]
 800150e:	4620      	mov	r0, r4
 8001510:	e8bd 83f8 	ldmia.w	sp!, {r3, r4, r5, r6, r7, r8, r9, pc}
 8001514:	2600      	movs	r6, #0
 8001516:	f8b9 7000 	ldrh.w	r7, [r9]
 800151a:	fbe3 7602 	umlal	r7, r6, r3, r2
 800151e:	f44f 727a 	mov.w	r2, #1000	@ 0x3e8
 8001522:	4631      	mov	r1, r6
 8001524:	2300      	movs	r3, #0
 8001526:	4638      	mov	r0, r7
 8001528:	f7fe fe1e 	bl	8000168 <__aeabi_uldivmod>
 800152c:	f5b7 7f7a 	cmp.w	r7, #1000	@ 0x3e8
 8001530:	f176 0600 	sbcs.w	r6, r6, #0
 8001534:	f8a9 2000 	strh.w	r2, [r9]
 8001538:	d3e9      	bcc.n	800150e <advance_toward+0x1a>
 800153a:	ea88 73e8 	eor.w	r3, r8, r8, asr #31
 800153e:	eba3 73e8 	sub.w	r3, r3, r8, asr #31
 8001542:	17da      	asrs	r2, r3, #31
 8001544:	4298      	cmp	r0, r3
 8001546:	4191      	sbcs	r1, r2
 8001548:	d2dd      	bcs.n	8001506 <advance_toward+0x12>
 800154a:	b2a4      	uxth	r4, r4
 800154c:	b280      	uxth	r0, r0
 800154e:	f1b8 0f00 	cmp.w	r8, #0
 8001552:	bfcc      	ite	gt
 8001554:	1824      	addgt	r4, r4, r0
 8001556:	1a24      	suble	r4, r4, r0
 8001558:	b224      	sxth	r4, r4
 800155a:	e7d8      	b.n	800150e <advance_toward+0x1a>

0800155c <disable_bridge>:
 800155c:	2300      	movs	r3, #0
 800155e:	8283      	strh	r3, [r0, #20]
 8001560:	76c3      	strb	r3, [r0, #27]
 8001562:	6a03      	ldr	r3, [r0, #32]
 8001564:	b10b      	cbz	r3, 800156a <disable_bridge+0xe>
 8001566:	69c0      	ldr	r0, [r0, #28]
 8001568:	4718      	bx	r3
 800156a:	4770      	bx	lr

0800156c <gs_motor_init_profile>:
 800156c:	b5f0      	push	{r4, r5, r6, r7, lr}
 800156e:	b085      	sub	sp, #20
 8001570:	ad01      	add	r5, sp, #4
 8001572:	4604      	mov	r4, r0
 8001574:	e885 000e 	stmia.w	r5, {r1, r2, r3}
 8001578:	f89d 7028 	ldrb.w	r7, [sp, #40]	@ 0x28
 800157c:	9e0b      	ldr	r6, [sp, #44]	@ 0x2c
 800157e:	b188      	cbz	r0, 80015a4 <gs_motor_init_profile+0x38>
 8001580:	2228      	movs	r2, #40	@ 0x28
 8001582:	2100      	movs	r1, #0
 8001584:	f000 ffc1 	bl	800250a <memset>
 8001588:	e895 0007 	ldmia.w	r5, {r0, r1, r2}
 800158c:	f104 031c 	add.w	r3, r4, #28
 8001590:	e883 0007 	stmia.w	r3, {r0, r1, r2}
 8001594:	4620      	mov	r0, r4
 8001596:	7067      	strb	r7, [r4, #1]
 8001598:	60e6      	str	r6, [r4, #12]
 800159a:	b005      	add	sp, #20
 800159c:	e8bd 40f0 	ldmia.w	sp!, {r4, r5, r6, r7, lr}
 80015a0:	f7ff bfdc 	b.w	800155c <disable_bridge>
 80015a4:	b005      	add	sp, #20
 80015a6:	bdf0      	pop	{r4, r5, r6, r7, pc}

080015a8 <gs_motor_init>:
 80015a8:	b510      	push	{r4, lr}
 80015aa:	b086      	sub	sp, #24
 80015ac:	ac03      	add	r4, sp, #12
 80015ae:	e884 000e 	stmia.w	r4, {r1, r2, r3}
 80015b2:	9b08      	ldr	r3, [sp, #32]
 80015b4:	9301      	str	r3, [sp, #4]
 80015b6:	2302      	movs	r3, #2
 80015b8:	9300      	str	r3, [sp, #0]
 80015ba:	e894 000e 	ldmia.w	r4, {r1, r2, r3}
 80015be:	f7ff ffd5 	bl	800156c <gs_motor_init_profile>
 80015c2:	b006      	add	sp, #24
 80015c4:	bd10      	pop	{r4, pc}

080015c6 <gs_motor_bridge_active>:
 80015c6:	4603      	mov	r3, r0
 80015c8:	b130      	cbz	r0, 80015d8 <gs_motor_bridge_active+0x12>
 80015ca:	7ec0      	ldrb	r0, [r0, #27]
 80015cc:	b120      	cbz	r0, 80015d8 <gs_motor_bridge_active+0x12>
 80015ce:	8a98      	ldrh	r0, [r3, #20]
 80015d0:	3800      	subs	r0, #0
 80015d2:	bf18      	it	ne
 80015d4:	2001      	movne	r0, #1
 80015d6:	4770      	bx	lr
 80015d8:	4770      	bx	lr

080015da <gs_motor_force_off>:
 80015da:	b140      	cbz	r0, 80015ee <gs_motor_force_off+0x14>
 80015dc:	2200      	movs	r2, #0
 80015de:	8042      	strh	r2, [r0, #2]
 80015e0:	8082      	strh	r2, [r0, #4]
 80015e2:	7002      	strb	r2, [r0, #0]
 80015e4:	82c2      	strh	r2, [r0, #22]
 80015e6:	8302      	strh	r2, [r0, #24]
 80015e8:	7682      	strb	r2, [r0, #26]
 80015ea:	f7ff bfb7 	b.w	800155c <disable_bridge>
 80015ee:	4770      	bx	lr

080015f0 <gs_motor_clear_fault>:
 80015f0:	e92d 41ff 	stmdb	sp!, {r0, r1, r2, r3, r4, r5, r6, r7, r8, lr}
 80015f4:	460e      	mov	r6, r1
 80015f6:	4603      	mov	r3, r0
 80015f8:	b1e8      	cbz	r0, 8001636 <gs_motor_clear_fault+0x46>
 80015fa:	ad01      	add	r5, sp, #4
 80015fc:	f100 041c 	add.w	r4, r0, #28
 8001600:	e894 0007 	ldmia.w	r4, {r0, r1, r2}
 8001604:	e885 0007 	stmia.w	r5, {r0, r1, r2}
 8001608:	2228      	movs	r2, #40	@ 0x28
 800160a:	2100      	movs	r1, #0
 800160c:	4618      	mov	r0, r3
 800160e:	f893 8001 	ldrb.w	r8, [r3, #1]
 8001612:	689f      	ldr	r7, [r3, #8]
 8001614:	f000 ff79 	bl	800250a <memset>
 8001618:	4603      	mov	r3, r0
 800161a:	e895 0007 	ldmia.w	r5, {r0, r1, r2}
 800161e:	e884 0007 	stmia.w	r4, {r0, r1, r2}
 8001622:	4618      	mov	r0, r3
 8001624:	e9c3 7602 	strd	r7, r6, [r3, #8]
 8001628:	f883 8001 	strb.w	r8, [r3, #1]
 800162c:	b004      	add	sp, #16
 800162e:	e8bd 41f0 	ldmia.w	sp!, {r4, r5, r6, r7, r8, lr}
 8001632:	f7ff bf93 	b.w	800155c <disable_bridge>
 8001636:	b004      	add	sp, #16
 8001638:	e8bd 81f0 	ldmia.w	sp!, {r4, r5, r6, r7, r8, pc}

0800163c <gs_motor_step>:
 800163c:	e92d 43f0 	stmdb	sp!, {r4, r5, r6, r7, r8, r9, lr}
 8001640:	4681      	mov	r9, r0
 8001642:	4615      	mov	r5, r2
 8001644:	460c      	mov	r4, r1
 8001646:	b085      	sub	sp, #20
 8001648:	2900      	cmp	r1, #0
 800164a:	f000 80fd 	beq.w	8001848 <gs_motor_step+0x20c>
 800164e:	2a00      	cmp	r2, #0
 8001650:	f000 80fb 	beq.w	800184a <gs_motor_step+0x20e>
 8001654:	7a13      	ldrb	r3, [r2, #8]
 8001656:	b113      	cbz	r3, 800165e <gs_motor_step+0x22>
 8001658:	780b      	ldrb	r3, [r1, #0]
 800165a:	2b04      	cmp	r3, #4
 800165c:	d10a      	bne.n	8001674 <gs_motor_step+0x38>
 800165e:	4620      	mov	r0, r4
 8001660:	f7ff ffbb 	bl	80015da <gs_motor_force_off>
 8001664:	68eb      	ldr	r3, [r5, #12]
 8001666:	60e3      	str	r3, [r4, #12]
 8001668:	f9b4 5002 	ldrsh.w	r5, [r4, #2]
 800166c:	f8b4 8014 	ldrh.w	r8, [r4, #20]
 8001670:	7ee2      	ldrb	r2, [r4, #27]
 8001672:	e02f      	b.n	80016d4 <gs_motor_step+0x98>
 8001674:	f000 f8f4 	bl	8001860 <gs_motor_power_profile_current>
 8001678:	4b78      	ldr	r3, [pc, #480]	@ (800185c <gs_motor_step+0x220>)
 800167a:	4680      	mov	r8, r0
 800167c:	f9b5 000a 	ldrsh.w	r0, [r5, #10]
 8001680:	4298      	cmp	r0, r3
 8001682:	bfb8      	it	lt
 8001684:	4618      	movlt	r0, r3
 8001686:	f5b0 7f7a 	cmp.w	r0, #1000	@ 0x3e8
 800168a:	bfa8      	it	ge
 800168c:	f44f 707a 	movge.w	r0, #1000	@ 0x3e8
 8001690:	f7ff fb40 	bl	8000d14 <gs_normalize_wheel_command>
 8001694:	4601      	mov	r1, r0
 8001696:	80a0      	strh	r0, [r4, #4]
 8001698:	b130      	cbz	r0, 80016a8 <gs_motor_step+0x6c>
 800169a:	782b      	ldrb	r3, [r5, #0]
 800169c:	b10b      	cbz	r3, 80016a2 <gs_motor_step+0x66>
 800169e:	2b07      	cmp	r3, #7
 80016a0:	d102      	bne.n	80016a8 <gs_motor_step+0x6c>
 80016a2:	2700      	movs	r7, #0
 80016a4:	8067      	strh	r7, [r4, #2]
 80016a6:	e09e      	b.n	80017e6 <gs_motor_step+0x1aa>
 80016a8:	7823      	ldrb	r3, [r4, #0]
 80016aa:	2b03      	cmp	r3, #3
 80016ac:	d122      	bne.n	80016f4 <gs_motor_step+0xb8>
 80016ae:	4620      	mov	r0, r4
 80016b0:	f7ff ff54 	bl	800155c <disable_bridge>
 80016b4:	68e9      	ldr	r1, [r5, #12]
 80016b6:	6923      	ldr	r3, [r4, #16]
 80016b8:	f9b4 5002 	ldrsh.w	r5, [r4, #2]
 80016bc:	1acb      	subs	r3, r1, r3
 80016be:	2b00      	cmp	r3, #0
 80016c0:	bfa8      	it	ge
 80016c2:	2300      	movge	r3, #0
 80016c4:	f8b4 8014 	ldrh.w	r8, [r4, #20]
 80016c8:	7ee2      	ldrb	r2, [r4, #27]
 80016ca:	bfa1      	itttt	ge
 80016cc:	7023      	strbge	r3, [r4, #0]
 80016ce:	7663      	strbge	r3, [r4, #25]
 80016d0:	60e1      	strge	r1, [r4, #12]
 80016d2:	82e3      	strhge	r3, [r4, #22]
 80016d4:	2701      	movs	r7, #1
 80016d6:	2300      	movs	r3, #0
 80016d8:	4648      	mov	r0, r9
 80016da:	f8a9 5000 	strh.w	r5, [r9]
 80016de:	f8a9 8002 	strh.w	r8, [r9, #2]
 80016e2:	f889 2004 	strb.w	r2, [r9, #4]
 80016e6:	f889 7006 	strb.w	r7, [r9, #6]
 80016ea:	f889 3007 	strb.w	r3, [r9, #7]
 80016ee:	b005      	add	sp, #20
 80016f0:	e8bd 83f0 	ldmia.w	sp!, {r4, r5, r6, r7, r8, r9, pc}
 80016f4:	68ef      	ldr	r7, [r5, #12]
 80016f6:	68e2      	ldr	r2, [r4, #12]
 80016f8:	2900      	cmp	r1, #0
 80016fa:	eba7 0202 	sub.w	r2, r7, r2
 80016fe:	dc26      	bgt.n	800174e <gs_motor_step+0x112>
 8001700:	1e0b      	subs	r3, r1, #0
 8001702:	bf18      	it	ne
 8001704:	2301      	movne	r3, #1
 8001706:	425b      	negs	r3, r3
 8001708:	f9b4 0002 	ldrsh.w	r0, [r4, #2]
 800170c:	f104 0c16 	add.w	ip, r4, #22
 8001710:	2800      	cmp	r0, #0
 8001712:	dc1e      	bgt.n	8001752 <gs_motor_step+0x116>
 8001714:	f000 809d 	beq.w	8001852 <gs_motor_step+0x216>
 8001718:	f04f 36ff 	mov.w	r6, #4294967295	@ 0xffffffff
 800171c:	b1db      	cbz	r3, 8001756 <gs_motor_step+0x11a>
 800171e:	42b3      	cmp	r3, r6
 8001720:	d019      	beq.n	8001756 <gs_motor_step+0x11a>
 8001722:	f8b8 300c 	ldrh.w	r3, [r8, #12]
 8001726:	2100      	movs	r1, #0
 8001728:	f8cd c000 	str.w	ip, [sp]
 800172c:	f7ff fee2 	bl	80014f4 <advance_toward>
 8001730:	60e7      	str	r7, [r4, #12]
 8001732:	4606      	mov	r6, r0
 8001734:	4603      	mov	r3, r0
 8001736:	8060      	strh	r0, [r4, #2]
 8001738:	bb58      	cbnz	r0, 8001792 <gs_motor_step+0x156>
 800173a:	2303      	movs	r3, #3
 800173c:	37fa      	adds	r7, #250	@ 0xfa
 800173e:	7023      	strb	r3, [r4, #0]
 8001740:	6127      	str	r7, [r4, #16]
 8001742:	7620      	strb	r0, [r4, #24]
 8001744:	4620      	mov	r0, r4
 8001746:	76a6      	strb	r6, [r4, #26]
 8001748:	f7ff ff08 	bl	800155c <disable_bridge>
 800174c:	e78c      	b.n	8001668 <gs_motor_step+0x2c>
 800174e:	2301      	movs	r3, #1
 8001750:	e7da      	b.n	8001708 <gs_motor_step+0xcc>
 8001752:	2601      	movs	r6, #1
 8001754:	e7e2      	b.n	800171c <gs_motor_step+0xe0>
 8001756:	2900      	cmp	r1, #0
 8001758:	bfb6      	itet	lt
 800175a:	424b      	neglt	r3, r1
 800175c:	460b      	movge	r3, r1
 800175e:	b21b      	sxthlt	r3, r3
 8001760:	2800      	cmp	r0, #0
 8001762:	da14      	bge.n	800178e <gs_motor_step+0x152>
 8001764:	4246      	negs	r6, r0
 8001766:	b236      	sxth	r6, r6
 8001768:	42b3      	cmp	r3, r6
 800176a:	bfcc      	ite	gt
 800176c:	f8b8 300a 	ldrhgt.w	r3, [r8, #10]
 8001770:	f8b8 300c 	ldrhle.w	r3, [r8, #12]
 8001774:	f8cd c000 	str.w	ip, [sp]
 8001778:	f7ff febc 	bl	80014f4 <advance_toward>
 800177c:	60e7      	str	r7, [r4, #12]
 800177e:	4606      	mov	r6, r0
 8001780:	4603      	mov	r3, r0
 8001782:	8060      	strh	r0, [r4, #2]
 8001784:	b928      	cbnz	r0, 8001792 <gs_motor_step+0x156>
 8001786:	7020      	strb	r0, [r4, #0]
 8001788:	8320      	strh	r0, [r4, #24]
 800178a:	e7db      	b.n	8001744 <gs_motor_step+0x108>
 800178c:	460b      	mov	r3, r1
 800178e:	4606      	mov	r6, r0
 8001790:	e7ea      	b.n	8001768 <gs_motor_step+0x12c>
 8001792:	2b00      	cmp	r3, #0
 8001794:	bfd4      	ite	le
 8001796:	f04f 32ff 	movle.w	r2, #4294967295	@ 0xffffffff
 800179a:	2201      	movgt	r2, #1
 800179c:	7ea3      	ldrb	r3, [r4, #26]
 800179e:	7662      	strb	r2, [r4, #25]
 80017a0:	b9a3      	cbnz	r3, 80017cc <gs_motor_step+0x190>
 80017a2:	782b      	ldrb	r3, [r5, #0]
 80017a4:	7623      	strb	r3, [r4, #24]
 80017a6:	2301      	movs	r3, #1
 80017a8:	76a3      	strb	r3, [r4, #26]
 80017aa:	7023      	strb	r3, [r4, #0]
 80017ac:	2701      	movs	r7, #1
 80017ae:	f9b4 0002 	ldrsh.w	r0, [r4, #2]
 80017b2:	f000 f859 	bl	8001868 <gs_motor_compare_for_command>
 80017b6:	4680      	mov	r8, r0
 80017b8:	bb50      	cbnz	r0, 8001810 <gs_motor_step+0x1d4>
 80017ba:	4620      	mov	r0, r4
 80017bc:	f7ff fece 	bl	800155c <disable_bridge>
 80017c0:	f9b4 5002 	ldrsh.w	r5, [r4, #2]
 80017c4:	f8b4 8014 	ldrh.w	r8, [r4, #20]
 80017c8:	7ee2      	ldrb	r2, [r4, #27]
 80017ca:	e784      	b.n	80016d6 <gs_motor_step+0x9a>
 80017cc:	786b      	ldrb	r3, [r5, #1]
 80017ce:	2b00      	cmp	r3, #0
 80017d0:	d0ec      	beq.n	80017ac <gs_motor_step+0x170>
 80017d2:	686b      	ldr	r3, [r5, #4]
 80017d4:	7829      	ldrb	r1, [r5, #0]
 80017d6:	7e20      	ldrb	r0, [r4, #24]
 80017d8:	f7ff fdee 	bl	80013b8 <gs_validate_hall_transition>
 80017dc:	2802      	cmp	r0, #2
 80017de:	4607      	mov	r7, r0
 80017e0:	d00d      	beq.n	80017fe <gs_motor_step+0x1c2>
 80017e2:	2300      	movs	r3, #0
 80017e4:	8063      	strh	r3, [r4, #2]
 80017e6:	2304      	movs	r3, #4
 80017e8:	4620      	mov	r0, r4
 80017ea:	7023      	strb	r3, [r4, #0]
 80017ec:	f7ff feb6 	bl	800155c <disable_bridge>
 80017f0:	f9b4 5002 	ldrsh.w	r5, [r4, #2]
 80017f4:	f8b4 8014 	ldrh.w	r8, [r4, #20]
 80017f8:	7ee2      	ldrb	r2, [r4, #27]
 80017fa:	2301      	movs	r3, #1
 80017fc:	e76c      	b.n	80016d8 <gs_motor_step+0x9c>
 80017fe:	782b      	ldrb	r3, [r5, #0]
 8001800:	f994 2019 	ldrsb.w	r2, [r4, #25]
 8001804:	7623      	strb	r3, [r4, #24]
 8001806:	68a3      	ldr	r3, [r4, #8]
 8001808:	7020      	strb	r0, [r4, #0]
 800180a:	4413      	add	r3, r2
 800180c:	60a3      	str	r3, [r4, #8]
 800180e:	e7ce      	b.n	80017ae <gs_motor_step+0x172>
 8001810:	7862      	ldrb	r2, [r4, #1]
 8001812:	f994 1019 	ldrsb.w	r1, [r4, #25]
 8001816:	7828      	ldrb	r0, [r5, #0]
 8001818:	ab03      	add	r3, sp, #12
 800181a:	f7ff fda3 	bl	8001364 <gs_commutation_for_hall_profile>
 800181e:	2800      	cmp	r0, #0
 8001820:	f43f af3f 	beq.w	80016a2 <gs_motor_step+0x66>
 8001824:	6a63      	ldr	r3, [r4, #36]	@ 0x24
 8001826:	2b00      	cmp	r3, #0
 8001828:	f43f af3b 	beq.w	80016a2 <gs_motor_step+0x66>
 800182c:	4642      	mov	r2, r8
 800182e:	69e0      	ldr	r0, [r4, #28]
 8001830:	a903      	add	r1, sp, #12
 8001832:	4798      	blx	r3
 8001834:	2800      	cmp	r0, #0
 8001836:	f43f af34 	beq.w	80016a2 <gs_motor_step+0x66>
 800183a:	2201      	movs	r2, #1
 800183c:	f9b4 5002 	ldrsh.w	r5, [r4, #2]
 8001840:	f8a4 8014 	strh.w	r8, [r4, #20]
 8001844:	76e2      	strb	r2, [r4, #27]
 8001846:	e746      	b.n	80016d6 <gs_motor_step+0x9a>
 8001848:	460d      	mov	r5, r1
 800184a:	46a8      	mov	r8, r5
 800184c:	462a      	mov	r2, r5
 800184e:	462f      	mov	r7, r5
 8001850:	e7d3      	b.n	80017fa <gs_motor_step+0x1be>
 8001852:	2900      	cmp	r1, #0
 8001854:	da9a      	bge.n	800178c <gs_motor_step+0x150>
 8001856:	424b      	negs	r3, r1
 8001858:	b21b      	sxth	r3, r3
 800185a:	e798      	b.n	800178e <gs_motor_step+0x152>
 800185c:	fffffc18 	.word	0xfffffc18

08001860 <gs_motor_power_profile_current>:
 8001860:	4800      	ldr	r0, [pc, #0]	@ (8001864 <gs_motor_power_profile_current+0x4>)
 8001862:	4770      	bx	lr
 8001864:	08003774 	.word	0x08003774

08001868 <gs_motor_compare_for_command>:
 8001868:	2800      	cmp	r0, #0
 800186a:	bfbc      	itt	lt
 800186c:	4240      	neglt	r0, r0
 800186e:	b200      	sxthlt	r0, r0
 8001870:	2831      	cmp	r0, #49	@ 0x31
 8001872:	dd0c      	ble.n	800188e <gs_motor_compare_for_command+0x26>
 8001874:	f5b0 7f7a 	cmp.w	r0, #1000	@ 0x3e8
 8001878:	da0b      	bge.n	8001892 <gs_motor_compare_for_command+0x2a>
 800187a:	2328      	movs	r3, #40	@ 0x28
 800187c:	3832      	subs	r0, #50	@ 0x32
 800187e:	4358      	muls	r0, r3
 8001880:	f240 33b6 	movw	r3, #950	@ 0x3b6
 8001884:	fbb0 f0f3 	udiv	r0, r0, r3
 8001888:	3028      	adds	r0, #40	@ 0x28
 800188a:	b280      	uxth	r0, r0
 800188c:	4770      	bx	lr
 800188e:	2000      	movs	r0, #0
 8001890:	4770      	bx	lr
 8001892:	2050      	movs	r0, #80	@ 0x50
 8001894:	4770      	bx	lr

08001896 <gs_frame_parser_init_full>:
 8001896:	b5f8      	push	{r3, r4, r5, r6, r7, lr}
 8001898:	460f      	mov	r7, r1
 800189a:	4615      	mov	r5, r2
 800189c:	461e      	mov	r6, r3
 800189e:	4604      	mov	r4, r0
 80018a0:	b1b8      	cbz	r0, 80018d2 <gs_frame_parser_init_full+0x3c>
 80018a2:	225c      	movs	r2, #92	@ 0x5c
 80018a4:	2100      	movs	r1, #0
 80018a6:	f000 fe30 	bl	800250a <memset>
 80018aa:	b197      	cbz	r7, 80018d2 <gs_frame_parser_init_full+0x3c>
 80018ac:	1e6b      	subs	r3, r5, #1
 80018ae:	2b01      	cmp	r3, #1
 80018b0:	d80f      	bhi.n	80018d2 <gs_frame_parser_init_full+0x3c>
 80018b2:	2d01      	cmp	r5, #1
 80018b4:	bf0c      	ite	eq
 80018b6:	2303      	moveq	r3, #3
 80018b8:	2304      	movne	r3, #4
 80018ba:	429e      	cmp	r6, r3
 80018bc:	d309      	bcc.n	80018d2 <gs_frame_parser_init_full+0x3c>
 80018be:	2e43      	cmp	r6, #67	@ 0x43
 80018c0:	d807      	bhi.n	80018d2 <gs_frame_parser_init_full+0x3c>
 80018c2:	462a      	mov	r2, r5
 80018c4:	4639      	mov	r1, r7
 80018c6:	f104 0043 	add.w	r0, r4, #67	@ 0x43
 80018ca:	f000 fe4b 	bl	8002564 <memcpy>
 80018ce:	e9c4 6513 	strd	r6, r5, [r4, #76]	@ 0x4c
 80018d2:	bdf8      	pop	{r3, r4, r5, r6, r7, pc}

080018d4 <gs_frame_parser_feed>:
 80018d4:	e92d 41f0 	stmdb	sp!, {r4, r5, r6, r7, r8, lr}
 80018d8:	461f      	mov	r7, r3
 80018da:	4604      	mov	r4, r0
 80018dc:	b1f8      	cbz	r0, 800191e <gs_frame_parser_feed+0x4a>
 80018de:	6cc6      	ldr	r6, [r0, #76]	@ 0x4c
 80018e0:	b1ee      	cbz	r6, 800191e <gs_frame_parser_feed+0x4a>
 80018e2:	6c85      	ldr	r5, [r0, #72]	@ 0x48
 80018e4:	b175      	cbz	r5, 8001904 <gs_frame_parser_feed+0x30>
 80018e6:	6d43      	ldr	r3, [r0, #84]	@ 0x54
 80018e8:	1ad3      	subs	r3, r2, r3
 80018ea:	2b64      	cmp	r3, #100	@ 0x64
 80018ec:	d90b      	bls.n	8001906 <gs_frame_parser_feed+0x32>
 80018ee:	f8b0 3058 	ldrh.w	r3, [r0, #88]	@ 0x58
 80018f2:	f64f 70ff 	movw	r0, #65535	@ 0xffff
 80018f6:	4283      	cmp	r3, r0
 80018f8:	bf1c      	itt	ne
 80018fa:	3301      	addne	r3, #1
 80018fc:	f8a4 3058 	strhne.w	r3, [r4, #88]	@ 0x58
 8001900:	2300      	movs	r3, #0
 8001902:	64a3      	str	r3, [r4, #72]	@ 0x48
 8001904:	2500      	movs	r5, #0
 8001906:	6d23      	ldr	r3, [r4, #80]	@ 0x50
 8001908:	42ab      	cmp	r3, r5
 800190a:	d917      	bls.n	800193c <gs_frame_parser_feed+0x68>
 800190c:	b955      	cbnz	r5, 8001924 <gs_frame_parser_feed+0x50>
 800190e:	f894 3043 	ldrb.w	r3, [r4, #67]	@ 0x43
 8001912:	428b      	cmp	r3, r1
 8001914:	d103      	bne.n	800191e <gs_frame_parser_feed+0x4a>
 8001916:	2301      	movs	r3, #1
 8001918:	7021      	strb	r1, [r4, #0]
 800191a:	64a3      	str	r3, [r4, #72]	@ 0x48
 800191c:	6562      	str	r2, [r4, #84]	@ 0x54
 800191e:	2000      	movs	r0, #0
 8001920:	e8bd 81f0 	ldmia.w	sp!, {r4, r5, r6, r7, r8, pc}
 8001924:	1963      	adds	r3, r4, r5
 8001926:	f893 3043 	ldrb.w	r3, [r3, #67]	@ 0x43
 800192a:	428b      	cmp	r3, r1
 800192c:	d103      	bne.n	8001936 <gs_frame_parser_feed+0x62>
 800192e:	1c6b      	adds	r3, r5, #1
 8001930:	64a3      	str	r3, [r4, #72]	@ 0x48
 8001932:	5561      	strb	r1, [r4, r5]
 8001934:	e7f2      	b.n	800191c <gs_frame_parser_feed+0x48>
 8001936:	2300      	movs	r3, #0
 8001938:	64a3      	str	r3, [r4, #72]	@ 0x48
 800193a:	e7e8      	b.n	800190e <gs_frame_parser_feed+0x3a>
 800193c:	42ae      	cmp	r6, r5
 800193e:	d904      	bls.n	800194a <gs_frame_parser_feed+0x76>
 8001940:	1c6b      	adds	r3, r5, #1
 8001942:	64a3      	str	r3, [r4, #72]	@ 0x48
 8001944:	5561      	strb	r1, [r4, r5]
 8001946:	461d      	mov	r5, r3
 8001948:	6562      	str	r2, [r4, #84]	@ 0x54
 800194a:	42ae      	cmp	r6, r5
 800194c:	d1e7      	bne.n	800191e <gs_frame_parser_feed+0x4a>
 800194e:	1eb1      	subs	r1, r6, #2
 8001950:	4426      	add	r6, r4
 8001952:	f816 3c01 	ldrb.w	r3, [r6, #-1]
 8001956:	5c65      	ldrb	r5, [r4, r1]
 8001958:	4620      	mov	r0, r4
 800195a:	ea45 2503 	orr.w	r5, r5, r3, lsl #8
 800195e:	f000 f852 	bl	8001a06 <gs_crc16>
 8001962:	4285      	cmp	r5, r0
 8001964:	d109      	bne.n	800197a <gs_frame_parser_feed+0xa6>
 8001966:	b127      	cbz	r7, 8001972 <gs_frame_parser_feed+0x9e>
 8001968:	4621      	mov	r1, r4
 800196a:	4638      	mov	r0, r7
 800196c:	6ce2      	ldr	r2, [r4, #76]	@ 0x4c
 800196e:	f000 fdf9 	bl	8002564 <memcpy>
 8001972:	2300      	movs	r3, #0
 8001974:	2001      	movs	r0, #1
 8001976:	64a3      	str	r3, [r4, #72]	@ 0x48
 8001978:	e7d2      	b.n	8001920 <gs_frame_parser_feed+0x4c>
 800197a:	f64f 72ff 	movw	r2, #65535	@ 0xffff
 800197e:	2601      	movs	r6, #1
 8001980:	f8b4 3058 	ldrh.w	r3, [r4, #88]	@ 0x58
 8001984:	6ca5      	ldr	r5, [r4, #72]	@ 0x48
 8001986:	4293      	cmp	r3, r2
 8001988:	bf1c      	itt	ne
 800198a:	3301      	addne	r3, #1
 800198c:	f8a4 3058 	strhne.w	r3, [r4, #88]	@ 0x58
 8001990:	f104 0843 	add.w	r8, r4, #67	@ 0x43
 8001994:	42ae      	cmp	r6, r5
 8001996:	d301      	bcc.n	800199c <gs_frame_parser_feed+0xc8>
 8001998:	2500      	movs	r5, #0
 800199a:	e00f      	b.n	80019bc <gs_frame_parser_feed+0xe8>
 800199c:	6d22      	ldr	r2, [r4, #80]	@ 0x50
 800199e:	18b3      	adds	r3, r6, r2
 80019a0:	429d      	cmp	r5, r3
 80019a2:	d30e      	bcc.n	80019c2 <gs_frame_parser_feed+0xee>
 80019a4:	19a7      	adds	r7, r4, r6
 80019a6:	4641      	mov	r1, r8
 80019a8:	4638      	mov	r0, r7
 80019aa:	f000 fd85 	bl	80024b8 <memcmp>
 80019ae:	b940      	cbnz	r0, 80019c2 <gs_frame_parser_feed+0xee>
 80019b0:	1bad      	subs	r5, r5, r6
 80019b2:	462a      	mov	r2, r5
 80019b4:	4639      	mov	r1, r7
 80019b6:	4620      	mov	r0, r4
 80019b8:	f000 fd8e 	bl	80024d8 <memmove>
 80019bc:	2002      	movs	r0, #2
 80019be:	64a5      	str	r5, [r4, #72]	@ 0x48
 80019c0:	e7ae      	b.n	8001920 <gs_frame_parser_feed+0x4c>
 80019c2:	3601      	adds	r6, #1
 80019c4:	e7e6      	b.n	8001994 <gs_frame_parser_feed+0xc0>

080019c6 <gs_frame_parser_poll>:
 80019c6:	b198      	cbz	r0, 80019f0 <gs_frame_parser_poll+0x2a>
 80019c8:	6c83      	ldr	r3, [r0, #72]	@ 0x48
 80019ca:	b183      	cbz	r3, 80019ee <gs_frame_parser_poll+0x28>
 80019cc:	6d43      	ldr	r3, [r0, #84]	@ 0x54
 80019ce:	1ac9      	subs	r1, r1, r3
 80019d0:	2964      	cmp	r1, #100	@ 0x64
 80019d2:	d90c      	bls.n	80019ee <gs_frame_parser_poll+0x28>
 80019d4:	f64f 72ff 	movw	r2, #65535	@ 0xffff
 80019d8:	f8b0 3058 	ldrh.w	r3, [r0, #88]	@ 0x58
 80019dc:	4293      	cmp	r3, r2
 80019de:	bf1c      	itt	ne
 80019e0:	3301      	addne	r3, #1
 80019e2:	f8a0 3058 	strhne.w	r3, [r0, #88]	@ 0x58
 80019e6:	2300      	movs	r3, #0
 80019e8:	6483      	str	r3, [r0, #72]	@ 0x48
 80019ea:	2003      	movs	r0, #3
 80019ec:	4770      	bx	lr
 80019ee:	2000      	movs	r0, #0
 80019f0:	4770      	bx	lr

080019f2 <write_u32>:
 80019f2:	0a0b      	lsrs	r3, r1, #8
 80019f4:	7001      	strb	r1, [r0, #0]
 80019f6:	7043      	strb	r3, [r0, #1]
 80019f8:	0c0b      	lsrs	r3, r1, #16
 80019fa:	0e09      	lsrs	r1, r1, #24
 80019fc:	7083      	strb	r3, [r0, #2]
 80019fe:	70c1      	strb	r1, [r0, #3]
 8001a00:	4770      	bx	lr

08001a02 <read_u32>:
 8001a02:	6800      	ldr	r0, [r0, #0]
 8001a04:	4770      	bx	lr

08001a06 <gs_crc16>:
 8001a06:	b530      	push	{r4, r5, lr}
 8001a08:	b900      	cbnz	r0, 8001a0c <gs_crc16+0x6>
 8001a0a:	b931      	cbnz	r1, 8001a1a <gs_crc16+0x14>
 8001a0c:	4603      	mov	r3, r0
 8001a0e:	4401      	add	r1, r0
 8001a10:	f241 0421 	movw	r4, #4129	@ 0x1021
 8001a14:	2000      	movs	r0, #0
 8001a16:	428b      	cmp	r3, r1
 8001a18:	d100      	bne.n	8001a1c <gs_crc16+0x16>
 8001a1a:	bd30      	pop	{r4, r5, pc}
 8001a1c:	f813 2b01 	ldrb.w	r2, [r3], #1
 8001a20:	ea80 2002 	eor.w	r0, r0, r2, lsl #8
 8001a24:	2208      	movs	r2, #8
 8001a26:	b205      	sxth	r5, r0
 8001a28:	0040      	lsls	r0, r0, #1
 8001a2a:	2d00      	cmp	r5, #0
 8001a2c:	b280      	uxth	r0, r0
 8001a2e:	bfb8      	it	lt
 8001a30:	4060      	eorlt	r0, r4
 8001a32:	3a01      	subs	r2, #1
 8001a34:	d1f7      	bne.n	8001a26 <gs_crc16+0x20>
 8001a36:	e7ee      	b.n	8001a16 <gs_crc16+0x10>

08001a38 <append_crc>:
 8001a38:	b570      	push	{r4, r5, r6, lr}
 8001a3a:	1e8c      	subs	r4, r1, #2
 8001a3c:	4621      	mov	r1, r4
 8001a3e:	4605      	mov	r5, r0
 8001a40:	1906      	adds	r6, r0, r4
 8001a42:	f7ff ffe0 	bl	8001a06 <gs_crc16>
 8001a46:	5528      	strb	r0, [r5, r4]
 8001a48:	0a00      	lsrs	r0, r0, #8
 8001a4a:	7070      	strb	r0, [r6, #1]
 8001a4c:	bd70      	pop	{r4, r5, r6, pc}

08001a4e <crc_matches>:
 8001a4e:	b538      	push	{r3, r4, r5, lr}
 8001a50:	4605      	mov	r5, r0
 8001a52:	1e8c      	subs	r4, r1, #2
 8001a54:	4621      	mov	r1, r4
 8001a56:	f7ff ffd6 	bl	8001a06 <gs_crc16>
 8001a5a:	5b2b      	ldrh	r3, [r5, r4]
 8001a5c:	1a1b      	subs	r3, r3, r0
 8001a5e:	4258      	negs	r0, r3
 8001a60:	4158      	adcs	r0, r3
 8001a62:	bd38      	pop	{r3, r4, r5, pc}

08001a64 <gs_age_ms_u16>:
 8001a64:	f64f 73ff 	movw	r3, #65535	@ 0xffff
 8001a68:	1a40      	subs	r0, r0, r1
 8001a6a:	4298      	cmp	r0, r3
 8001a6c:	bf28      	it	cs
 8001a6e:	4618      	movcs	r0, r3
 8001a70:	b280      	uxth	r0, r0
 8001a72:	4770      	bx	lr

08001a74 <gs_decode_esp_command>:
 8001a74:	b5f8      	push	{r3, r4, r5, r6, r7, lr}
 8001a76:	460c      	mov	r4, r1
 8001a78:	4605      	mov	r5, r0
 8001a7a:	b348      	cbz	r0, 8001ad0 <gs_decode_esp_command+0x5c>
 8001a7c:	b341      	cbz	r1, 8001ad0 <gs_decode_esp_command+0x5c>
 8001a7e:	780b      	ldrb	r3, [r1, #0]
 8001a80:	2b42      	cmp	r3, #66	@ 0x42
 8001a82:	d125      	bne.n	8001ad0 <gs_decode_esp_command+0x5c>
 8001a84:	210b      	movs	r1, #11
 8001a86:	4620      	mov	r0, r4
 8001a88:	f7ff ffe1 	bl	8001a4e <crc_matches>
 8001a8c:	b1f8      	cbz	r0, 8001ace <gs_decode_esp_command+0x5a>
 8001a8e:	f8b4 6003 	ldrh.w	r6, [r4, #3]
 8001a92:	f506 737a 	add.w	r3, r6, #1000	@ 0x3e8
 8001a96:	b29b      	uxth	r3, r3
 8001a98:	f5b3 6ffa 	cmp.w	r3, #2000	@ 0x7d0
 8001a9c:	d818      	bhi.n	8001ad0 <gs_decode_esp_command+0x5c>
 8001a9e:	f8b4 1005 	ldrh.w	r1, [r4, #5]
 8001aa2:	f501 737a 	add.w	r3, r1, #1000	@ 0x3e8
 8001aa6:	b29b      	uxth	r3, r3
 8001aa8:	f5b3 6ffa 	cmp.w	r3, #2000	@ 0x7d0
 8001aac:	d810      	bhi.n	8001ad0 <gs_decode_esp_command+0x5c>
 8001aae:	79e2      	ldrb	r2, [r4, #7]
 8001ab0:	7a23      	ldrb	r3, [r4, #8]
 8001ab2:	f002 0c1e 	and.w	ip, r2, #30
 8001ab6:	f003 073e 	and.w	r7, r3, #62	@ 0x3e
 8001aba:	ea57 070c 	orrs.w	r7, r7, ip
 8001abe:	d107      	bne.n	8001ad0 <gs_decode_esp_command+0x5c>
 8001ac0:	f8b4 4001 	ldrh.w	r4, [r4, #1]
 8001ac4:	802e      	strh	r6, [r5, #0]
 8001ac6:	8069      	strh	r1, [r5, #2]
 8001ac8:	712a      	strb	r2, [r5, #4]
 8001aca:	716b      	strb	r3, [r5, #5]
 8001acc:	80ec      	strh	r4, [r5, #6]
 8001ace:	bdf8      	pop	{r3, r4, r5, r6, r7, pc}
 8001ad0:	2000      	movs	r0, #0
 8001ad2:	e7fc      	b.n	8001ace <gs_decode_esp_command+0x5a>

08001ad4 <gs_encode_slave_command>:
 8001ad4:	b508      	push	{r3, lr}
 8001ad6:	b1f0      	cbz	r0, 8001b16 <gs_encode_slave_command+0x42>
 8001ad8:	b1e9      	cbz	r1, 8001b16 <gs_encode_slave_command+0x42>
 8001ada:	880a      	ldrh	r2, [r1, #0]
 8001adc:	f502 727a 	add.w	r2, r2, #1000	@ 0x3e8
 8001ae0:	b292      	uxth	r2, r2
 8001ae2:	f5b2 6ffa 	cmp.w	r2, #2000	@ 0x7d0
 8001ae6:	d816      	bhi.n	8001b16 <gs_encode_slave_command+0x42>
 8001ae8:	788a      	ldrb	r2, [r1, #2]
 8001aea:	f012 0f3e 	tst.w	r2, #62	@ 0x3e
 8001aee:	d112      	bne.n	8001b16 <gs_encode_slave_command+0x42>
 8001af0:	2242      	movs	r2, #66	@ 0x42
 8001af2:	7002      	strb	r2, [r0, #0]
 8001af4:	888a      	ldrh	r2, [r1, #4]
 8001af6:	7042      	strb	r2, [r0, #1]
 8001af8:	0a12      	lsrs	r2, r2, #8
 8001afa:	7082      	strb	r2, [r0, #2]
 8001afc:	f9b1 2000 	ldrsh.w	r2, [r1]
 8001b00:	70c2      	strb	r2, [r0, #3]
 8001b02:	f3c2 2207 	ubfx	r2, r2, #8, #8
 8001b06:	7102      	strb	r2, [r0, #4]
 8001b08:	788a      	ldrb	r2, [r1, #2]
 8001b0a:	2108      	movs	r1, #8
 8001b0c:	7142      	strb	r2, [r0, #5]
 8001b0e:	f7ff ff93 	bl	8001a38 <append_crc>
 8001b12:	2001      	movs	r0, #1
 8001b14:	bd08      	pop	{r3, pc}
 8001b16:	2000      	movs	r0, #0
 8001b18:	e7fc      	b.n	8001b14 <gs_encode_slave_command+0x40>

08001b1a <gs_decode_slave_feedback>:
 8001b1a:	b538      	push	{r3, r4, r5, lr}
 8001b1c:	460c      	mov	r4, r1
 8001b1e:	4605      	mov	r5, r0
 8001b20:	b340      	cbz	r0, 8001b74 <gs_decode_slave_feedback+0x5a>
 8001b22:	b339      	cbz	r1, 8001b74 <gs_decode_slave_feedback+0x5a>
 8001b24:	780b      	ldrb	r3, [r1, #0]
 8001b26:	2b43      	cmp	r3, #67	@ 0x43
 8001b28:	d124      	bne.n	8001b74 <gs_decode_slave_feedback+0x5a>
 8001b2a:	211c      	movs	r1, #28
 8001b2c:	4620      	mov	r0, r4
 8001b2e:	f7ff ff8e 	bl	8001a4e <crc_matches>
 8001b32:	4603      	mov	r3, r0
 8001b34:	b1e0      	cbz	r0, 8001b70 <gs_decode_slave_feedback+0x56>
 8001b36:	7862      	ldrb	r2, [r4, #1]
 8001b38:	1da0      	adds	r0, r4, #6
 8001b3a:	702a      	strb	r2, [r5, #0]
 8001b3c:	8862      	ldrh	r2, [r4, #2]
 8001b3e:	81ea      	strh	r2, [r5, #14]
 8001b40:	88a2      	ldrh	r2, [r4, #4]
 8001b42:	81aa      	strh	r2, [r5, #12]
 8001b44:	f7ff ff5d 	bl	8001a02 <read_u32>
 8001b48:	6068      	str	r0, [r5, #4]
 8001b4a:	f104 000a 	add.w	r0, r4, #10
 8001b4e:	f7ff ff58 	bl	8001a02 <read_u32>
 8001b52:	60a8      	str	r0, [r5, #8]
 8001b54:	89e2      	ldrh	r2, [r4, #14]
 8001b56:	822a      	strh	r2, [r5, #16]
 8001b58:	7c22      	ldrb	r2, [r4, #16]
 8001b5a:	74aa      	strb	r2, [r5, #18]
 8001b5c:	7c62      	ldrb	r2, [r4, #17]
 8001b5e:	74ea      	strb	r2, [r5, #19]
 8001b60:	8a62      	ldrh	r2, [r4, #18]
 8001b62:	82aa      	strh	r2, [r5, #20]
 8001b64:	8aa2      	ldrh	r2, [r4, #20]
 8001b66:	82ea      	strh	r2, [r5, #22]
 8001b68:	8ae2      	ldrh	r2, [r4, #22]
 8001b6a:	832a      	strh	r2, [r5, #24]
 8001b6c:	8b22      	ldrh	r2, [r4, #24]
 8001b6e:	836a      	strh	r2, [r5, #26]
 8001b70:	4618      	mov	r0, r3
 8001b72:	bd38      	pop	{r3, r4, r5, pc}
 8001b74:	2300      	movs	r3, #0
 8001b76:	e7fb      	b.n	8001b70 <gs_decode_slave_feedback+0x56>

08001b78 <gs_encode_master_feedback>:
 8001b78:	b510      	push	{r4, lr}
 8001b7a:	4602      	mov	r2, r0
 8001b7c:	460c      	mov	r4, r1
 8001b7e:	2800      	cmp	r0, #0
 8001b80:	f000 80b9 	beq.w	8001cf6 <gs_encode_master_feedback+0x17e>
 8001b84:	2900      	cmp	r1, #0
 8001b86:	f000 80b6 	beq.w	8001cf6 <gs_encode_master_feedback+0x17e>
 8001b8a:	780b      	ldrb	r3, [r1, #0]
 8001b8c:	2b04      	cmp	r3, #4
 8001b8e:	f040 80b2 	bne.w	8001cf6 <gs_encode_master_feedback+0x17e>
 8001b92:	23ce      	movs	r3, #206	@ 0xce
 8001b94:	7003      	strb	r3, [r0, #0]
 8001b96:	23b3      	movs	r3, #179	@ 0xb3
 8001b98:	7043      	strb	r3, [r0, #1]
 8001b9a:	780b      	ldrb	r3, [r1, #0]
 8001b9c:	3010      	adds	r0, #16
 8001b9e:	f800 3c0e 	strb.w	r3, [r0, #-14]
 8001ba2:	784b      	ldrb	r3, [r1, #1]
 8001ba4:	f800 3c0d 	strb.w	r3, [r0, #-13]
 8001ba8:	788b      	ldrb	r3, [r1, #2]
 8001baa:	f800 3c0c 	strb.w	r3, [r0, #-12]
 8001bae:	78cb      	ldrb	r3, [r1, #3]
 8001bb0:	f800 3c0b 	strb.w	r3, [r0, #-11]
 8001bb4:	888b      	ldrh	r3, [r1, #4]
 8001bb6:	f800 3c0a 	strb.w	r3, [r0, #-10]
 8001bba:	0a1b      	lsrs	r3, r3, #8
 8001bbc:	f800 3c09 	strb.w	r3, [r0, #-9]
 8001bc0:	88cb      	ldrh	r3, [r1, #6]
 8001bc2:	f800 3c08 	strb.w	r3, [r0, #-8]
 8001bc6:	0a1b      	lsrs	r3, r3, #8
 8001bc8:	f800 3c07 	strb.w	r3, [r0, #-7]
 8001bcc:	890b      	ldrh	r3, [r1, #8]
 8001bce:	f800 3c06 	strb.w	r3, [r0, #-6]
 8001bd2:	0a1b      	lsrs	r3, r3, #8
 8001bd4:	f800 3c05 	strb.w	r3, [r0, #-5]
 8001bd8:	f9b1 300a 	ldrsh.w	r3, [r1, #10]
 8001bdc:	f800 3c04 	strb.w	r3, [r0, #-4]
 8001be0:	f3c3 2307 	ubfx	r3, r3, #8, #8
 8001be4:	f800 3c03 	strb.w	r3, [r0, #-3]
 8001be8:	f9b1 300c 	ldrsh.w	r3, [r1, #12]
 8001bec:	f800 3c02 	strb.w	r3, [r0, #-2]
 8001bf0:	f3c3 2307 	ubfx	r3, r3, #8, #8
 8001bf4:	f800 3c01 	strb.w	r3, [r0, #-1]
 8001bf8:	6909      	ldr	r1, [r1, #16]
 8001bfa:	f7ff fefa 	bl	80019f2 <write_u32>
 8001bfe:	f102 0014 	add.w	r0, r2, #20
 8001c02:	6961      	ldr	r1, [r4, #20]
 8001c04:	f7ff fef5 	bl	80019f2 <write_u32>
 8001c08:	f102 0018 	add.w	r0, r2, #24
 8001c0c:	69a1      	ldr	r1, [r4, #24]
 8001c0e:	f7ff fef0 	bl	80019f2 <write_u32>
 8001c12:	f102 001c 	add.w	r0, r2, #28
 8001c16:	69e1      	ldr	r1, [r4, #28]
 8001c18:	f7ff feeb 	bl	80019f2 <write_u32>
 8001c1c:	8c23      	ldrh	r3, [r4, #32]
 8001c1e:	4610      	mov	r0, r2
 8001c20:	f882 3020 	strb.w	r3, [r2, #32]
 8001c24:	0a1b      	lsrs	r3, r3, #8
 8001c26:	f882 3021 	strb.w	r3, [r2, #33]	@ 0x21
 8001c2a:	8c63      	ldrh	r3, [r4, #34]	@ 0x22
 8001c2c:	2143      	movs	r1, #67	@ 0x43
 8001c2e:	f882 3022 	strb.w	r3, [r2, #34]	@ 0x22
 8001c32:	0a1b      	lsrs	r3, r3, #8
 8001c34:	f882 3023 	strb.w	r3, [r2, #35]	@ 0x23
 8001c38:	8ca3      	ldrh	r3, [r4, #36]	@ 0x24
 8001c3a:	f882 3024 	strb.w	r3, [r2, #36]	@ 0x24
 8001c3e:	0a1b      	lsrs	r3, r3, #8
 8001c40:	f882 3025 	strb.w	r3, [r2, #37]	@ 0x25
 8001c44:	f894 3026 	ldrb.w	r3, [r4, #38]	@ 0x26
 8001c48:	f882 3026 	strb.w	r3, [r2, #38]	@ 0x26
 8001c4c:	f894 3027 	ldrb.w	r3, [r4, #39]	@ 0x27
 8001c50:	f882 3027 	strb.w	r3, [r2, #39]	@ 0x27
 8001c54:	8d23      	ldrh	r3, [r4, #40]	@ 0x28
 8001c56:	f882 3028 	strb.w	r3, [r2, #40]	@ 0x28
 8001c5a:	0a1b      	lsrs	r3, r3, #8
 8001c5c:	f882 3029 	strb.w	r3, [r2, #41]	@ 0x29
 8001c60:	8d63      	ldrh	r3, [r4, #42]	@ 0x2a
 8001c62:	f882 302a 	strb.w	r3, [r2, #42]	@ 0x2a
 8001c66:	0a1b      	lsrs	r3, r3, #8
 8001c68:	f882 302b 	strb.w	r3, [r2, #43]	@ 0x2b
 8001c6c:	f894 302c 	ldrb.w	r3, [r4, #44]	@ 0x2c
 8001c70:	f882 302c 	strb.w	r3, [r2, #44]	@ 0x2c
 8001c74:	8de3      	ldrh	r3, [r4, #46]	@ 0x2e
 8001c76:	f882 302d 	strb.w	r3, [r2, #45]	@ 0x2d
 8001c7a:	0a1b      	lsrs	r3, r3, #8
 8001c7c:	f882 302e 	strb.w	r3, [r2, #46]	@ 0x2e
 8001c80:	8e23      	ldrh	r3, [r4, #48]	@ 0x30
 8001c82:	f882 302f 	strb.w	r3, [r2, #47]	@ 0x2f
 8001c86:	0a1b      	lsrs	r3, r3, #8
 8001c88:	f882 3030 	strb.w	r3, [r2, #48]	@ 0x30
 8001c8c:	8e63      	ldrh	r3, [r4, #50]	@ 0x32
 8001c8e:	f882 3031 	strb.w	r3, [r2, #49]	@ 0x31
 8001c92:	0a1b      	lsrs	r3, r3, #8
 8001c94:	f882 3032 	strb.w	r3, [r2, #50]	@ 0x32
 8001c98:	8ea3      	ldrh	r3, [r4, #52]	@ 0x34
 8001c9a:	f882 3033 	strb.w	r3, [r2, #51]	@ 0x33
 8001c9e:	0a1b      	lsrs	r3, r3, #8
 8001ca0:	f882 3034 	strb.w	r3, [r2, #52]	@ 0x34
 8001ca4:	8ee3      	ldrh	r3, [r4, #54]	@ 0x36
 8001ca6:	f882 3035 	strb.w	r3, [r2, #53]	@ 0x35
 8001caa:	0a1b      	lsrs	r3, r3, #8
 8001cac:	f882 3036 	strb.w	r3, [r2, #54]	@ 0x36
 8001cb0:	8f23      	ldrh	r3, [r4, #56]	@ 0x38
 8001cb2:	f882 3037 	strb.w	r3, [r2, #55]	@ 0x37
 8001cb6:	0a1b      	lsrs	r3, r3, #8
 8001cb8:	f882 3038 	strb.w	r3, [r2, #56]	@ 0x38
 8001cbc:	8f63      	ldrh	r3, [r4, #58]	@ 0x3a
 8001cbe:	f882 3039 	strb.w	r3, [r2, #57]	@ 0x39
 8001cc2:	0a1b      	lsrs	r3, r3, #8
 8001cc4:	f882 303a 	strb.w	r3, [r2, #58]	@ 0x3a
 8001cc8:	8fa3      	ldrh	r3, [r4, #60]	@ 0x3c
 8001cca:	f882 303b 	strb.w	r3, [r2, #59]	@ 0x3b
 8001cce:	0a1b      	lsrs	r3, r3, #8
 8001cd0:	f882 303c 	strb.w	r3, [r2, #60]	@ 0x3c
 8001cd4:	8fe3      	ldrh	r3, [r4, #62]	@ 0x3e
 8001cd6:	f882 303d 	strb.w	r3, [r2, #61]	@ 0x3d
 8001cda:	0a1b      	lsrs	r3, r3, #8
 8001cdc:	f882 303e 	strb.w	r3, [r2, #62]	@ 0x3e
 8001ce0:	f8b4 3040 	ldrh.w	r3, [r4, #64]	@ 0x40
 8001ce4:	f882 303f 	strb.w	r3, [r2, #63]	@ 0x3f
 8001ce8:	0a1b      	lsrs	r3, r3, #8
 8001cea:	f882 3040 	strb.w	r3, [r2, #64]	@ 0x40
 8001cee:	f7ff fea3 	bl	8001a38 <append_crc>
 8001cf2:	2001      	movs	r0, #1
 8001cf4:	bd10      	pop	{r4, pc}
 8001cf6:	2000      	movs	r0, #0
 8001cf8:	e7fc      	b.n	8001cf4 <gs_encode_master_feedback+0x17c>

08001cfa <gs_safety_init>:
 8001cfa:	b5f8      	push	{r3, r4, r5, r6, r7, lr}
 8001cfc:	460f      	mov	r7, r1
 8001cfe:	4616      	mov	r6, r2
 8001d00:	461d      	mov	r5, r3
 8001d02:	4604      	mov	r4, r0
 8001d04:	b180      	cbz	r0, 8001d28 <gs_safety_init+0x2e>
 8001d06:	2227      	movs	r2, #39	@ 0x27
 8001d08:	2100      	movs	r1, #0
 8001d0a:	3001      	adds	r0, #1
 8001d0c:	f000 fbfd 	bl	800250a <memset>
 8001d10:	f64f 73ff 	movw	r3, #65535	@ 0xffff
 8001d14:	e9c4 5502 	strd	r5, r5, [r4, #8]
 8001d18:	e9c4 5504 	strd	r5, r5, [r4, #16]
 8001d1c:	7027      	strb	r7, [r4, #0]
 8001d1e:	83a3      	strh	r3, [r4, #28]
 8001d20:	b116      	cbz	r6, 8001d28 <gs_safety_init+0x2e>
 8001d22:	f44f 6300 	mov.w	r3, #2048	@ 0x800
 8001d26:	6063      	str	r3, [r4, #4]
 8001d28:	bdf8      	pop	{r3, r4, r5, r6, r7, pc}

08001d2a <gs_safety_set_enabled>:
 8001d2a:	b108      	cbz	r0, 8001d30 <gs_safety_set_enabled+0x6>
 8001d2c:	f880 1024 	strb.w	r1, [r0, #36]	@ 0x24
 8001d30:	4770      	bx	lr

08001d32 <gs_safety_note_command>:
 8001d32:	b100      	cbz	r0, 8001d36 <gs_safety_note_command+0x4>
 8001d34:	6081      	str	r1, [r0, #8]
 8001d36:	4770      	bx	lr

08001d38 <gs_safety_note_demand>:
 8001d38:	b128      	cbz	r0, 8001d46 <gs_safety_note_demand+0xe>
 8001d3a:	f890 3025 	ldrb.w	r3, [r0, #37]	@ 0x25
 8001d3e:	b919      	cbnz	r1, 8001d48 <gs_safety_note_demand+0x10>
 8001d40:	b943      	cbnz	r3, 8001d54 <gs_safety_note_demand+0x1c>
 8001d42:	f880 1025 	strb.w	r1, [r0, #37]	@ 0x25
 8001d46:	4770      	bx	lr
 8001d48:	2b00      	cmp	r3, #0
 8001d4a:	d1fa      	bne.n	8001d42 <gs_safety_note_demand+0xa>
 8001d4c:	6102      	str	r2, [r0, #16]
 8001d4e:	f880 3026 	strb.w	r3, [r0, #38]	@ 0x26
 8001d52:	e7f6      	b.n	8001d42 <gs_safety_note_demand+0xa>
 8001d54:	6142      	str	r2, [r0, #20]
 8001d56:	e7f4      	b.n	8001d42 <gs_safety_note_demand+0xa>

08001d58 <gs_safety_note_hall>:
 8001d58:	b118      	cbz	r0, 8001d62 <gs_safety_note_hall+0xa>
 8001d5a:	2301      	movs	r3, #1
 8001d5c:	60c1      	str	r1, [r0, #12]
 8001d5e:	f880 3026 	strb.w	r3, [r0, #38]	@ 0x26
 8001d62:	4770      	bx	lr

08001d64 <gs_safety_latch>:
 8001d64:	b110      	cbz	r0, 8001d6c <gs_safety_latch+0x8>
 8001d66:	6843      	ldr	r3, [r0, #4]
 8001d68:	430b      	orrs	r3, r1
 8001d6a:	6043      	str	r3, [r0, #4]
 8001d6c:	4770      	bx	lr

08001d6e <gs_safety_sample_adc_off>:
 8001d6e:	b348      	cbz	r0, 8001dc4 <gs_safety_sample_adc_off+0x56>
 8001d70:	f890 3023 	ldrb.w	r3, [r0, #35]	@ 0x23
 8001d74:	bb33      	cbnz	r3, 8001dc4 <gs_safety_sample_adc_off+0x56>
 8001d76:	f890 3022 	ldrb.w	r3, [r0, #34]	@ 0x22
 8001d7a:	2b0f      	cmp	r3, #15
 8001d7c:	d822      	bhi.n	8001dc4 <gs_safety_sample_adc_off+0x56>
 8001d7e:	8b82      	ldrh	r2, [r0, #28]
 8001d80:	3301      	adds	r3, #1
 8001d82:	428a      	cmp	r2, r1
 8001d84:	8bc2      	ldrh	r2, [r0, #30]
 8001d86:	bf88      	it	hi
 8001d88:	8381      	strhhi	r1, [r0, #28]
 8001d8a:	428a      	cmp	r2, r1
 8001d8c:	6982      	ldr	r2, [r0, #24]
 8001d8e:	b2db      	uxtb	r3, r3
 8001d90:	bf38      	it	cc
 8001d92:	83c1      	strhcc	r1, [r0, #30]
 8001d94:	4411      	add	r1, r2
 8001d96:	2b10      	cmp	r3, #16
 8001d98:	6181      	str	r1, [r0, #24]
 8001d9a:	f880 3022 	strb.w	r3, [r0, #34]	@ 0x22
 8001d9e:	d111      	bne.n	8001dc4 <gs_safety_sample_adc_off+0x56>
 8001da0:	8bc3      	ldrh	r3, [r0, #30]
 8001da2:	8b82      	ldrh	r2, [r0, #28]
 8001da4:	1a9b      	subs	r3, r3, r2
 8001da6:	b29b      	uxth	r3, r3
 8001da8:	2b40      	cmp	r3, #64	@ 0x40
 8001daa:	d903      	bls.n	8001db4 <gs_safety_sample_adc_off+0x46>
 8001dac:	f44f 6180 	mov.w	r1, #1024	@ 0x400
 8001db0:	f7ff bfd8 	b.w	8001d64 <gs_safety_latch>
 8001db4:	2301      	movs	r3, #1
 8001db6:	2900      	cmp	r1, #0
 8001db8:	bfb8      	it	lt
 8001dba:	310f      	addlt	r1, #15
 8001dbc:	1109      	asrs	r1, r1, #4
 8001dbe:	8401      	strh	r1, [r0, #32]
 8001dc0:	f880 3023 	strb.w	r3, [r0, #35]	@ 0x23
 8001dc4:	4770      	bx	lr

08001dc6 <gs_safety_evaluate>:
 8001dc6:	b538      	push	{r3, r4, r5, lr}
 8001dc8:	460d      	mov	r5, r1
 8001dca:	4604      	mov	r4, r0
 8001dcc:	2800      	cmp	r0, #0
 8001dce:	d053      	beq.n	8001e78 <gs_safety_evaluate+0xb2>
 8001dd0:	2900      	cmp	r1, #0
 8001dd2:	d051      	beq.n	8001e78 <gs_safety_evaluate+0xb2>
 8001dd4:	780b      	ldrb	r3, [r1, #0]
 8001dd6:	b91b      	cbnz	r3, 8001de0 <gs_safety_evaluate+0x1a>
 8001dd8:	f44f 7180 	mov.w	r1, #256	@ 0x100
 8001ddc:	f7ff ffc2 	bl	8001d64 <gs_safety_latch>
 8001de0:	792b      	ldrb	r3, [r5, #4]
 8001de2:	b91b      	cbnz	r3, 8001dec <gs_safety_evaluate+0x26>
 8001de4:	2120      	movs	r1, #32
 8001de6:	4620      	mov	r0, r4
 8001de8:	f7ff ffbc 	bl	8001d64 <gs_safety_latch>
 8001dec:	786b      	ldrb	r3, [r5, #1]
 8001dee:	bb5b      	cbnz	r3, 8001e48 <gs_safety_evaluate+0x82>
 8001df0:	f44f 6180 	mov.w	r1, #1024	@ 0x400
 8001df4:	4620      	mov	r0, r4
 8001df6:	f7ff ffb5 	bl	8001d64 <gs_safety_latch>
 8001dfa:	f894 3024 	ldrb.w	r3, [r4, #36]	@ 0x24
 8001dfe:	2b00      	cmp	r3, #0
 8001e00:	d03a      	beq.n	8001e78 <gs_safety_evaluate+0xb2>
 8001e02:	f894 3025 	ldrb.w	r3, [r4, #37]	@ 0x25
 8001e06:	2b00      	cmp	r3, #0
 8001e08:	d036      	beq.n	8001e78 <gs_safety_evaluate+0xb2>
 8001e0a:	7821      	ldrb	r1, [r4, #0]
 8001e0c:	68a3      	ldr	r3, [r4, #8]
 8001e0e:	2900      	cmp	r1, #0
 8001e10:	bf14      	ite	ne
 8001e12:	2064      	movne	r0, #100	@ 0x64
 8001e14:	f44f 70c8 	moveq.w	r0, #400	@ 0x190
 8001e18:	1ad3      	subs	r3, r2, r3
 8001e1a:	4298      	cmp	r0, r3
 8001e1c:	d206      	bcs.n	8001e2c <gs_safety_evaluate+0x66>
 8001e1e:	2900      	cmp	r1, #0
 8001e20:	bf14      	ite	ne
 8001e22:	2104      	movne	r1, #4
 8001e24:	2102      	moveq	r1, #2
 8001e26:	4620      	mov	r0, r4
 8001e28:	f7ff ff9c 	bl	8001d64 <gs_safety_latch>
 8001e2c:	f894 3026 	ldrb.w	r3, [r4, #38]	@ 0x26
 8001e30:	b9db      	cbnz	r3, 8001e6a <gs_safety_evaluate+0xa4>
 8001e32:	6923      	ldr	r3, [r4, #16]
 8001e34:	1ad3      	subs	r3, r2, r3
 8001e36:	f5b3 7f2f 	cmp.w	r3, #700	@ 0x2bc
 8001e3a:	d91d      	bls.n	8001e78 <gs_safety_evaluate+0xb2>
 8001e3c:	2108      	movs	r1, #8
 8001e3e:	4620      	mov	r0, r4
 8001e40:	e8bd 4038 	ldmia.w	sp!, {r3, r4, r5, lr}
 8001e44:	f7ff bf8e 	b.w	8001d64 <gs_safety_latch>
 8001e48:	f894 3023 	ldrb.w	r3, [r4, #35]	@ 0x23
 8001e4c:	2b00      	cmp	r3, #0
 8001e4e:	d0d4      	beq.n	8001dfa <gs_safety_evaluate+0x34>
 8001e50:	8c23      	ldrh	r3, [r4, #32]
 8001e52:	8869      	ldrh	r1, [r5, #2]
 8001e54:	f5a3 7016 	sub.w	r0, r3, #600	@ 0x258
 8001e58:	4281      	cmp	r1, r0
 8001e5a:	db03      	blt.n	8001e64 <gs_safety_evaluate+0x9e>
 8001e5c:	f503 63af 	add.w	r3, r3, #1400	@ 0x578
 8001e60:	4299      	cmp	r1, r3
 8001e62:	ddca      	ble.n	8001dfa <gs_safety_evaluate+0x34>
 8001e64:	f44f 7100 	mov.w	r1, #512	@ 0x200
 8001e68:	e7c4      	b.n	8001df4 <gs_safety_evaluate+0x2e>
 8001e6a:	68e3      	ldr	r3, [r4, #12]
 8001e6c:	1ad2      	subs	r2, r2, r3
 8001e6e:	f5b2 7f96 	cmp.w	r2, #300	@ 0x12c
 8001e72:	d901      	bls.n	8001e78 <gs_safety_evaluate+0xb2>
 8001e74:	2110      	movs	r1, #16
 8001e76:	e7e2      	b.n	8001e3e <gs_safety_evaluate+0x78>
 8001e78:	bd38      	pop	{r3, r4, r5, pc}

08001e7a <gs_safety_clear>:
 8001e7a:	4603      	mov	r3, r0
 8001e7c:	b570      	push	{r4, r5, r6, lr}
 8001e7e:	b318      	cbz	r0, 8001ec8 <gs_safety_clear+0x4e>
 8001e80:	b311      	cbz	r1, 8001ec8 <gs_safety_clear+0x4e>
 8001e82:	8c84      	ldrh	r4, [r0, #36]	@ 0x24
 8001e84:	bb04      	cbnz	r4, 8001ec8 <gs_safety_clear+0x4e>
 8001e86:	7808      	ldrb	r0, [r1, #0]
 8001e88:	b1e8      	cbz	r0, 8001ec6 <gs_safety_clear+0x4c>
 8001e8a:	7848      	ldrb	r0, [r1, #1]
 8001e8c:	b1d8      	cbz	r0, 8001ec6 <gs_safety_clear+0x4c>
 8001e8e:	7908      	ldrb	r0, [r1, #4]
 8001e90:	b1c8      	cbz	r0, 8001ec6 <gs_safety_clear+0x4c>
 8001e92:	f893 0023 	ldrb.w	r0, [r3, #35]	@ 0x23
 8001e96:	b1b0      	cbz	r0, 8001ec6 <gs_safety_clear+0x4c>
 8001e98:	884d      	ldrh	r5, [r1, #2]
 8001e9a:	8c19      	ldrh	r1, [r3, #32]
 8001e9c:	f5a1 7616 	sub.w	r6, r1, #600	@ 0x258
 8001ea0:	42b5      	cmp	r5, r6
 8001ea2:	db11      	blt.n	8001ec8 <gs_safety_clear+0x4e>
 8001ea4:	f501 61af 	add.w	r1, r1, #1400	@ 0x578
 8001ea8:	428d      	cmp	r5, r1
 8001eaa:	dc0d      	bgt.n	8001ec8 <gs_safety_clear+0x4e>
 8001eac:	6859      	ldr	r1, [r3, #4]
 8001eae:	f411 6f10 	tst.w	r1, #2304	@ 0x900
 8001eb2:	d109      	bne.n	8001ec8 <gs_safety_clear+0x4e>
 8001eb4:	6959      	ldr	r1, [r3, #20]
 8001eb6:	1a52      	subs	r2, r2, r1
 8001eb8:	2af9      	cmp	r2, #249	@ 0xf9
 8001eba:	f04f 0200 	mov.w	r2, #0
 8001ebe:	d905      	bls.n	8001ecc <gs_safety_clear+0x52>
 8001ec0:	605a      	str	r2, [r3, #4]
 8001ec2:	f883 2024 	strb.w	r2, [r3, #36]	@ 0x24
 8001ec6:	bd70      	pop	{r4, r5, r6, pc}
 8001ec8:	2000      	movs	r0, #0
 8001eca:	e7fc      	b.n	8001ec6 <gs_safety_clear+0x4c>
 8001ecc:	4610      	mov	r0, r2
 8001ece:	e7fa      	b.n	8001ec6 <gs_safety_clear+0x4c>

08001ed0 <force_master_fault>:
 8001ed0:	b510      	push	{r4, lr}
 8001ed2:	4604      	mov	r4, r0
 8001ed4:	4601      	mov	r1, r0
 8001ed6:	4809      	ldr	r0, [pc, #36]	@ (8001efc <force_master_fault+0x2c>)
 8001ed8:	f7ff ff44 	bl	8001d64 <gs_safety_latch>
 8001edc:	4b08      	ldr	r3, [pc, #32]	@ (8001f00 <force_master_fault+0x30>)
 8001ede:	4809      	ldr	r0, [pc, #36]	@ (8001f04 <force_master_fault+0x34>)
 8001ee0:	6b9a      	ldr	r2, [r3, #56]	@ 0x38
 8001ee2:	4322      	orrs	r2, r4
 8001ee4:	639a      	str	r2, [r3, #56]	@ 0x38
 8001ee6:	2200      	movs	r2, #0
 8001ee8:	e9c3 2201 	strd	r2, r2, [r3, #4]
 8001eec:	805a      	strh	r2, [r3, #2]
 8001eee:	819a      	strh	r2, [r3, #12]
 8001ef0:	2203      	movs	r2, #3
 8001ef2:	701a      	strb	r2, [r3, #0]
 8001ef4:	e8bd 4010 	ldmia.w	sp!, {r4, lr}
 8001ef8:	f7ff bb6f 	b.w	80015da <gs_motor_force_off>
 8001efc:	2000041c 	.word	0x2000041c
 8001f00:	2000046c 	.word	0x2000046c
 8001f04:	20000444 	.word	0x20000444

08001f08 <apply_motor_step>:
 8001f08:	b5f0      	push	{r4, r5, r6, r7, lr}
 8001f0a:	4d1c      	ldr	r5, [pc, #112]	@ (8001f7c <apply_motor_step+0x74>)
 8001f0c:	b087      	sub	sp, #28
 8001f0e:	9f0c      	ldr	r7, [sp, #48]	@ 0x30
 8001f10:	f88d 3010 	strb.w	r3, [sp, #16]
 8001f14:	88eb      	ldrh	r3, [r5, #6]
 8001f16:	f88d 0008 	strb.w	r0, [sp, #8]
 8001f1a:	f88d 1009 	strb.w	r1, [sp, #9]
 8001f1e:	9203      	str	r2, [sp, #12]
 8001f20:	4604      	mov	r4, r0
 8001f22:	4917      	ldr	r1, [pc, #92]	@ (8001f80 <apply_motor_step+0x78>)
 8001f24:	4668      	mov	r0, sp
 8001f26:	aa02      	add	r2, sp, #8
 8001f28:	f8ad 3012 	strh.w	r3, [sp, #18]
 8001f2c:	9705      	str	r7, [sp, #20]
 8001f2e:	f7ff fb85 	bl	800163c <gs_motor_step>
 8001f32:	f89d 3007 	ldrb.w	r3, [sp, #7]
 8001f36:	f89d 6006 	ldrb.w	r6, [sp, #6]
 8001f3a:	b13b      	cbz	r3, 8001f4c <apply_motor_step+0x44>
 8001f3c:	2e04      	cmp	r6, #4
 8001f3e:	d01b      	beq.n	8001f78 <apply_motor_step+0x70>
 8001f40:	2e03      	cmp	r6, #3
 8001f42:	bf14      	ite	ne
 8001f44:	2020      	movne	r0, #32
 8001f46:	2040      	moveq	r0, #64	@ 0x40
 8001f48:	f7ff ffc2 	bl	8001ed0 <force_master_fault>
 8001f4c:	2e02      	cmp	r6, #2
 8001f4e:	d103      	bne.n	8001f58 <apply_motor_step+0x50>
 8001f50:	4639      	mov	r1, r7
 8001f52:	480c      	ldr	r0, [pc, #48]	@ (8001f84 <apply_motor_step+0x7c>)
 8001f54:	f7ff ff00 	bl	8001d58 <gs_safety_note_hall>
 8001f58:	f8bd 3000 	ldrh.w	r3, [sp]
 8001f5c:	4621      	mov	r1, r4
 8001f5e:	816b      	strh	r3, [r5, #10]
 8001f60:	4b07      	ldr	r3, [pc, #28]	@ (8001f80 <apply_motor_step+0x78>)
 8001f62:	f8bd 2002 	ldrh.w	r2, [sp, #2]
 8001f66:	689b      	ldr	r3, [r3, #8]
 8001f68:	4804      	ldr	r0, [pc, #16]	@ (8001f7c <apply_motor_step+0x74>)
 8001f6a:	612b      	str	r3, [r5, #16]
 8001f6c:	f89d 3004 	ldrb.w	r3, [sp, #4]
 8001f70:	f7ff f92f 	bl	80011d2 <gs_master_set_motor_status>
 8001f74:	b007      	add	sp, #28
 8001f76:	bdf0      	pop	{r4, r5, r6, r7, pc}
 8001f78:	2080      	movs	r0, #128	@ 0x80
 8001f7a:	e7e5      	b.n	8001f48 <apply_motor_step+0x40>
 8001f7c:	2000046c 	.word	0x2000046c
 8001f80:	20000444 	.word	0x20000444
 8001f84:	2000041c 	.word	0x2000041c

08001f88 <main>:
 8001f88:	e92d 4ff0 	stmdb	sp!, {r4, r5, r6, r7, r8, r9, sl, fp, lr}
 8001f8c:	b0a5      	sub	sp, #148	@ 0x94
 8001f8e:	f7fe fd9f 	bl	8000ad0 <gs_board_watchdog_was_reset>
 8001f92:	4605      	mov	r5, r0
 8001f94:	f000 ffa4 	bl	8002ee0 <rcu_all_reset_flag_clear>
 8001f98:	f7fe fc2a 	bl	80007f0 <gs_board_operational_init>
 8001f9c:	f7fe fb58 	bl	8000650 <gs_board_read_hall>
 8001fa0:	4604      	mov	r4, r0
 8001fa2:	f7fe fb7b 	bl	800069c <gs_board_micros>
 8001fa6:	4621      	mov	r1, r4
 8001fa8:	4602      	mov	r2, r0
 8001faa:	48b7      	ldr	r0, [pc, #732]	@ (8002288 <main+0x300>)
 8001fac:	f7ff fa28 	bl	8001400 <gs_hall_qualifier_init>
 8001fb0:	f7fe fda4 	bl	8000afc <gs_board_millis>
 8001fb4:	ac08      	add	r4, sp, #32
 8001fb6:	4601      	mov	r1, r0
 8001fb8:	48b4      	ldr	r0, [pc, #720]	@ (800228c <main+0x304>)
 8001fba:	f7fe ff3f 	bl	8000e3c <gs_master_init>
 8001fbe:	4620      	mov	r0, r4
 8001fc0:	f7fe fd3a 	bl	8000a38 <gs_board_bridge_port>
 8001fc4:	f7fe fd9a 	bl	8000afc <gs_board_millis>
 8001fc8:	9000      	str	r0, [sp, #0]
 8001fca:	e894 000e 	ldmia.w	r4, {r1, r2, r3}
 8001fce:	48b0      	ldr	r0, [pc, #704]	@ (8002290 <main+0x308>)
 8001fd0:	f7ff faea 	bl	80015a8 <gs_motor_init>
 8001fd4:	f7fe fd92 	bl	8000afc <gs_board_millis>
 8001fd8:	462a      	mov	r2, r5
 8001fda:	4603      	mov	r3, r0
 8001fdc:	2100      	movs	r1, #0
 8001fde:	48ad      	ldr	r0, [pc, #692]	@ (8002294 <main+0x30c>)
 8001fe0:	f7ff fe8b 	bl	8001cfa <gs_safety_init>
 8001fe4:	2410      	movs	r4, #16
 8001fe6:	2600      	movs	r6, #0
 8001fe8:	f7fe fd88 	bl	8000afc <gs_board_millis>
 8001fec:	1d45      	adds	r5, r0, #5
 8001fee:	f7fe fd85 	bl	8000afc <gs_board_millis>
 8001ff2:	1b40      	subs	r0, r0, r5
 8001ff4:	2800      	cmp	r0, #0
 8001ff6:	dbfa      	blt.n	8001fee <main+0x66>
 8001ff8:	a813      	add	r0, sp, #76	@ 0x4c
 8001ffa:	f8ad 604c 	strh.w	r6, [sp, #76]	@ 0x4c
 8001ffe:	f7fe fd31 	bl	8000a64 <gs_board_adc_read>
 8002002:	2800      	cmp	r0, #0
 8002004:	f000 80ee 	beq.w	80021e4 <main+0x25c>
 8002008:	f8bd 104c 	ldrh.w	r1, [sp, #76]	@ 0x4c
 800200c:	48a1      	ldr	r0, [pc, #644]	@ (8002294 <main+0x30c>)
 800200e:	f7ff feae 	bl	8001d6e <gs_safety_sample_adc_off>
 8002012:	3c01      	subs	r4, #1
 8002014:	f014 04ff 	ands.w	r4, r4, #255	@ 0xff
 8002018:	d1e6      	bne.n	8001fe8 <main+0x60>
 800201a:	2342      	movs	r3, #66	@ 0x42
 800201c:	f88d 3010 	strb.w	r3, [sp, #16]
 8002020:	2343      	movs	r3, #67	@ 0x43
 8002022:	2201      	movs	r2, #1
 8002024:	489c      	ldr	r0, [pc, #624]	@ (8002298 <main+0x310>)
 8002026:	f88d 3014 	strb.w	r3, [sp, #20]
 800202a:	a904      	add	r1, sp, #16
 800202c:	230b      	movs	r3, #11
 800202e:	f7ff fc32 	bl	8001896 <gs_frame_parser_init_full>
 8002032:	231c      	movs	r3, #28
 8002034:	2201      	movs	r2, #1
 8002036:	4899      	ldr	r0, [pc, #612]	@ (800229c <main+0x314>)
 8002038:	a905      	add	r1, sp, #20
 800203a:	f7ff fc2c 	bl	8001896 <gs_frame_parser_init_full>
 800203e:	2101      	movs	r1, #1
 8002040:	4608      	mov	r0, r1
 8002042:	f7fe fd61 	bl	8000b08 <gs_board_uart_init>
 8002046:	4620      	mov	r0, r4
 8002048:	2101      	movs	r1, #1
 800204a:	f7fe fd5d 	bl	8000b08 <gs_board_uart_init>
 800204e:	f7fe fd48 	bl	8000ae2 <gs_board_watchdog_start>
 8002052:	f7fe fd53 	bl	8000afc <gs_board_millis>
 8002056:	f8df b248 	ldr.w	fp, [pc, #584]	@ 80022a0 <main+0x318>
 800205a:	46a0      	mov	r8, r4
 800205c:	9402      	str	r4, [sp, #8]
 800205e:	4c8b      	ldr	r4, [pc, #556]	@ (800228c <main+0x304>)
 8002060:	f8cb 0000 	str.w	r0, [fp]
 8002064:	f88d 8038 	strb.w	r8, [sp, #56]	@ 0x38
 8002068:	2000      	movs	r0, #0
 800206a:	a90e      	add	r1, sp, #56	@ 0x38
 800206c:	f7fe fdd2 	bl	8000c14 <gs_board_uart_read>
 8002070:	4605      	mov	r5, r0
 8002072:	2800      	cmp	r0, #0
 8002074:	f040 80bc 	bne.w	80021f0 <main+0x268>
 8002078:	f7fe fd40 	bl	8000afc <gs_board_millis>
 800207c:	4601      	mov	r1, r0
 800207e:	4886      	ldr	r0, [pc, #536]	@ (8002298 <main+0x310>)
 8002080:	f7ff fca1 	bl	80019c6 <gs_frame_parser_poll>
 8002084:	f88d 5038 	strb.w	r5, [sp, #56]	@ 0x38
 8002088:	2001      	movs	r0, #1
 800208a:	a90e      	add	r1, sp, #56	@ 0x38
 800208c:	f7fe fdc2 	bl	8000c14 <gs_board_uart_read>
 8002090:	4606      	mov	r6, r0
 8002092:	2800      	cmp	r0, #0
 8002094:	f040 80d0 	bne.w	8002238 <main+0x2b0>
 8002098:	f7fe fd30 	bl	8000afc <gs_board_millis>
 800209c:	4d7f      	ldr	r5, [pc, #508]	@ (800229c <main+0x314>)
 800209e:	4601      	mov	r1, r0
 80020a0:	4628      	mov	r0, r5
 80020a2:	f7ff fc90 	bl	80019c6 <gs_frame_parser_poll>
 80020a6:	2214      	movs	r2, #20
 80020a8:	4631      	mov	r1, r6
 80020aa:	a80e      	add	r0, sp, #56	@ 0x38
 80020ac:	f000 fa2d 	bl	800250a <memset>
 80020b0:	2214      	movs	r2, #20
 80020b2:	4631      	mov	r1, r6
 80020b4:	a813      	add	r0, sp, #76	@ 0x4c
 80020b6:	f000 fa28 	bl	800250a <memset>
 80020ba:	4630      	mov	r0, r6
 80020bc:	a90e      	add	r1, sp, #56	@ 0x38
 80020be:	f7fe fe17 	bl	8000cf0 <gs_board_uart_get_stats>
 80020c2:	2001      	movs	r0, #1
 80020c4:	a913      	add	r1, sp, #76	@ 0x4c
 80020c6:	f7fe fe13 	bl	8000cf0 <gs_board_uart_get_stats>
 80020ca:	9a12      	ldr	r2, [sp, #72]	@ 0x48
 80020cc:	4620      	mov	r0, r4
 80020ce:	990e      	ldr	r1, [sp, #56]	@ 0x38
 80020d0:	f7ff f879 	bl	80011c6 <gs_master_set_remote_diagnostics>
 80020d4:	f8b5 1058 	ldrh.w	r1, [r5, #88]	@ 0x58
 80020d8:	9b17      	ldr	r3, [sp, #92]	@ 0x5c
 80020da:	4620      	mov	r0, r4
 80020dc:	4419      	add	r1, r3
 80020de:	f7ff f884 	bl	80011ea <gs_master_set_link_diagnostics>
 80020e2:	f8df c1c0 	ldr.w	ip, [pc, #448]	@ 80022a4 <main+0x31c>
 80020e6:	f8dd e040 	ldr.w	lr, [sp, #64]	@ 0x40
 80020ea:	f8dc 1000 	ldr.w	r1, [ip]
 80020ee:	4d6e      	ldr	r5, [pc, #440]	@ (80022a8 <main+0x320>)
 80020f0:	ebb1 010e 	subs.w	r1, r1, lr
 80020f4:	bf18      	it	ne
 80020f6:	2101      	movne	r1, #1
 80020f8:	682b      	ldr	r3, [r5, #0]
 80020fa:	9f11      	ldr	r7, [sp, #68]	@ 0x44
 80020fc:	4a6b      	ldr	r2, [pc, #428]	@ (80022ac <main+0x324>)
 80020fe:	429f      	cmp	r7, r3
 8002100:	f8dd 9054 	ldr.w	r9, [sp, #84]	@ 0x54
 8002104:	6813      	ldr	r3, [r2, #0]
 8002106:	ea4f 1101 	mov.w	r1, r1, lsl #4
 800210a:	bf18      	it	ne
 800210c:	f041 0120 	orrne.w	r1, r1, #32
 8002110:	4599      	cmp	r9, r3
 8002112:	4b67      	ldr	r3, [pc, #412]	@ (80022b0 <main+0x328>)
 8002114:	9816      	ldr	r0, [sp, #88]	@ 0x58
 8002116:	f8d3 a000 	ldr.w	sl, [r3]
 800211a:	bf18      	it	ne
 800211c:	f041 0140 	orrne.w	r1, r1, #64	@ 0x40
 8002120:	4550      	cmp	r0, sl
 8002122:	bf18      	it	ne
 8002124:	f041 0180 	orrne.w	r1, r1, #128	@ 0x80
 8002128:	f8cc e000 	str.w	lr, [ip]
 800212c:	602f      	str	r7, [r5, #0]
 800212e:	f8c2 9000 	str.w	r9, [r2]
 8002132:	6018      	str	r0, [r3, #0]
 8002134:	b151      	cbz	r1, 800214c <main+0x1c4>
 8002136:	7823      	ldrb	r3, [r4, #0]
 8002138:	3b01      	subs	r3, #1
 800213a:	2b01      	cmp	r3, #1
 800213c:	d806      	bhi.n	800214c <main+0x1c4>
 800213e:	4620      	mov	r0, r4
 8002140:	f7ff f838 	bl	80011b4 <gs_master_note_transport_overflow>
 8002144:	f44f 5000 	mov.w	r0, #8192	@ 0x2000
 8002148:	f7ff fec2 	bl	8001ed0 <force_master_fault>
 800214c:	f7fe fcd6 	bl	8000afc <gs_board_millis>
 8002150:	4601      	mov	r1, r0
 8002152:	4620      	mov	r0, r4
 8002154:	f7fe ff6c 	bl	8001030 <gs_master_tick>
 8002158:	f7fe fcd0 	bl	8000afc <gs_board_millis>
 800215c:	4f55      	ldr	r7, [pc, #340]	@ (80022b4 <main+0x32c>)
 800215e:	4605      	mov	r5, r0
 8002160:	a80b      	add	r0, sp, #44	@ 0x2c
 8002162:	f8d7 9000 	ldr.w	r9, [r7]
 8002166:	f7fe fb1b 	bl	80007a0 <gs_board_hall_event_read>
 800216a:	454d      	cmp	r5, r9
 800216c:	9003      	str	r0, [sp, #12]
 800216e:	f040 80a9 	bne.w	80022c4 <main+0x33c>
 8002172:	2800      	cmp	r0, #0
 8002174:	f040 80b2 	bne.w	80022dc <main+0x354>
 8002178:	f7fe fcc0 	bl	8000afc <gs_board_millis>
 800217c:	9b02      	ldr	r3, [sp, #8]
 800217e:	4605      	mov	r5, r0
 8002180:	1ac3      	subs	r3, r0, r3
 8002182:	2b00      	cmp	r3, #0
 8002184:	db12      	blt.n	80021ac <main+0x224>
 8002186:	f100 0314 	add.w	r3, r0, #20
 800218a:	4602      	mov	r2, r0
 800218c:	a913      	add	r1, sp, #76	@ 0x4c
 800218e:	4620      	mov	r0, r4
 8002190:	9302      	str	r3, [sp, #8]
 8002192:	f7fe ff7c 	bl	800108e <gs_master_make_slave_frame>
 8002196:	b148      	cbz	r0, 80021ac <main+0x224>
 8002198:	2208      	movs	r2, #8
 800219a:	2001      	movs	r0, #1
 800219c:	a913      	add	r1, sp, #76	@ 0x4c
 800219e:	f7fe fd57 	bl	8000c50 <gs_board_uart_write>
 80021a2:	b918      	cbnz	r0, 80021ac <main+0x224>
 80021a4:	f44f 5000 	mov.w	r0, #8192	@ 0x2000
 80021a8:	f7ff fe92 	bl	8001ed0 <force_master_fault>
 80021ac:	4e42      	ldr	r6, [pc, #264]	@ (80022b8 <main+0x330>)
 80021ae:	7833      	ldrb	r3, [r6, #0]
 80021b0:	b123      	cbz	r3, 80021bc <main+0x234>
 80021b2:	4b42      	ldr	r3, [pc, #264]	@ (80022bc <main+0x334>)
 80021b4:	681b      	ldr	r3, [r3, #0]
 80021b6:	1aeb      	subs	r3, r5, r3
 80021b8:	2b00      	cmp	r3, #0
 80021ba:	da04      	bge.n	80021c6 <main+0x23e>
 80021bc:	f8db 3000 	ldr.w	r3, [fp]
 80021c0:	1aeb      	subs	r3, r5, r3
 80021c2:	2b00      	cmp	r3, #0
 80021c4:	db0b      	blt.n	80021de <main+0x256>
 80021c6:	462a      	mov	r2, r5
 80021c8:	4620      	mov	r0, r4
 80021ca:	a913      	add	r1, sp, #76	@ 0x4c
 80021cc:	f7ff f816 	bl	80011fc <gs_master_make_feedback>
 80021d0:	2800      	cmp	r0, #0
 80021d2:	f040 8151 	bne.w	8002478 <main+0x4f0>
 80021d6:	7030      	strb	r0, [r6, #0]
 80021d8:	3564      	adds	r5, #100	@ 0x64
 80021da:	f8cb 5000 	str.w	r5, [fp]
 80021de:	f7fe fc8a 	bl	8000af6 <gs_board_watchdog_reload>
 80021e2:	e73f      	b.n	8002064 <main+0xdc>
 80021e4:	f44f 6180 	mov.w	r1, #1024	@ 0x400
 80021e8:	482a      	ldr	r0, [pc, #168]	@ (8002294 <main+0x30c>)
 80021ea:	f7ff fdbb 	bl	8001d64 <gs_safety_latch>
 80021ee:	e710      	b.n	8002012 <main+0x8a>
 80021f0:	f7fe fc84 	bl	8000afc <gs_board_millis>
 80021f4:	f89d 1038 	ldrb.w	r1, [sp, #56]	@ 0x38
 80021f8:	4602      	mov	r2, r0
 80021fa:	4605      	mov	r5, r0
 80021fc:	ab13      	add	r3, sp, #76	@ 0x4c
 80021fe:	4826      	ldr	r0, [pc, #152]	@ (8002298 <main+0x310>)
 8002200:	f7ff fb68 	bl	80018d4 <gs_frame_parser_feed>
 8002204:	2801      	cmp	r0, #1
 8002206:	4606      	mov	r6, r0
 8002208:	f47f af2e 	bne.w	8002068 <main+0xe0>
 800220c:	462a      	mov	r2, r5
 800220e:	481f      	ldr	r0, [pc, #124]	@ (800228c <main+0x304>)
 8002210:	a913      	add	r1, sp, #76	@ 0x4c
 8002212:	f7fe fe35 	bl	8000e80 <gs_master_accept_esp_frame>
 8002216:	2800      	cmp	r0, #0
 8002218:	f43f af26 	beq.w	8002068 <main+0xe0>
 800221c:	4629      	mov	r1, r5
 800221e:	481d      	ldr	r0, [pc, #116]	@ (8002294 <main+0x30c>)
 8002220:	f7ff fd87 	bl	8001d32 <gs_safety_note_command>
 8002224:	4b24      	ldr	r3, [pc, #144]	@ (80022b8 <main+0x330>)
 8002226:	f8b4 205c 	ldrh.w	r2, [r4, #92]	@ 0x5c
 800222a:	701e      	strb	r6, [r3, #0]
 800222c:	4b24      	ldr	r3, [pc, #144]	@ (80022c0 <main+0x338>)
 800222e:	353c      	adds	r5, #60	@ 0x3c
 8002230:	801a      	strh	r2, [r3, #0]
 8002232:	4b22      	ldr	r3, [pc, #136]	@ (80022bc <main+0x334>)
 8002234:	601d      	str	r5, [r3, #0]
 8002236:	e717      	b.n	8002068 <main+0xe0>
 8002238:	f7fe fc60 	bl	8000afc <gs_board_millis>
 800223c:	f89d 1038 	ldrb.w	r1, [sp, #56]	@ 0x38
 8002240:	4602      	mov	r2, r0
 8002242:	4605      	mov	r5, r0
 8002244:	ab13      	add	r3, sp, #76	@ 0x4c
 8002246:	4815      	ldr	r0, [pc, #84]	@ (800229c <main+0x314>)
 8002248:	f7ff fb44 	bl	80018d4 <gs_frame_parser_feed>
 800224c:	2801      	cmp	r0, #1
 800224e:	f47f af1b 	bne.w	8002088 <main+0x100>
 8002252:	462a      	mov	r2, r5
 8002254:	480d      	ldr	r0, [pc, #52]	@ (800228c <main+0x304>)
 8002256:	a913      	add	r1, sp, #76	@ 0x4c
 8002258:	f7fe ff4d 	bl	80010f6 <gs_master_accept_slave_feedback>
 800225c:	2800      	cmp	r0, #0
 800225e:	f43f af13 	beq.w	8002088 <main+0x100>
 8002262:	4b15      	ldr	r3, [pc, #84]	@ (80022b8 <main+0x330>)
 8002264:	781b      	ldrb	r3, [r3, #0]
 8002266:	2b00      	cmp	r3, #0
 8002268:	f43f af0e 	beq.w	8002088 <main+0x100>
 800226c:	4b14      	ldr	r3, [pc, #80]	@ (80022c0 <main+0x338>)
 800226e:	8c62      	ldrh	r2, [r4, #34]	@ 0x22
 8002270:	881b      	ldrh	r3, [r3, #0]
 8002272:	429a      	cmp	r2, r3
 8002274:	f47f af08 	bne.w	8002088 <main+0x100>
 8002278:	4a10      	ldr	r2, [pc, #64]	@ (80022bc <main+0x334>)
 800227a:	3502      	adds	r5, #2
 800227c:	6813      	ldr	r3, [r2, #0]
 800227e:	1aeb      	subs	r3, r5, r3
 8002280:	2b00      	cmp	r3, #0
 8002282:	bfb8      	it	lt
 8002284:	6015      	strlt	r5, [r2, #0]
 8002286:	e6ff      	b.n	8002088 <main+0x100>
 8002288:	20000354 	.word	0x20000354
 800228c:	2000046c 	.word	0x2000046c
 8002290:	20000444 	.word	0x20000444
 8002294:	2000041c 	.word	0x2000041c
 8002298:	200003c0 	.word	0x200003c0
 800229c:	20000364 	.word	0x20000364
 80022a0:	20000348 	.word	0x20000348
 80022a4:	20000344 	.word	0x20000344
 80022a8:	20000340 	.word	0x20000340
 80022ac:	2000033c 	.word	0x2000033c
 80022b0:	20000338 	.word	0x20000338
 80022b4:	20000334 	.word	0x20000334
 80022b8:	20000352 	.word	0x20000352
 80022bc:	2000034c 	.word	0x2000034c
 80022c0:	20000350 	.word	0x20000350
 80022c4:	603d      	str	r5, [r7, #0]
 80022c6:	4f73      	ldr	r7, [pc, #460]	@ (8002494 <main+0x50c>)
 80022c8:	683b      	ldr	r3, [r7, #0]
 80022ca:	1aeb      	subs	r3, r5, r3
 80022cc:	2b04      	cmp	r3, #4
 80022ce:	d905      	bls.n	80022dc <main+0x354>
 80022d0:	4871      	ldr	r0, [pc, #452]	@ (8002498 <main+0x510>)
 80022d2:	f7fe fbc7 	bl	8000a64 <gs_board_adc_read>
 80022d6:	4b71      	ldr	r3, [pc, #452]	@ (800249c <main+0x514>)
 80022d8:	603d      	str	r5, [r7, #0]
 80022da:	7018      	strb	r0, [r3, #0]
 80022dc:	f7fe fa82 	bl	80007e4 <gs_board_hall_overflow_count>
 80022e0:	4b6f      	ldr	r3, [pc, #444]	@ (80024a0 <main+0x518>)
 80022e2:	681a      	ldr	r2, [r3, #0]
 80022e4:	4290      	cmp	r0, r2
 80022e6:	d004      	beq.n	80022f2 <main+0x36a>
 80022e8:	6018      	str	r0, [r3, #0]
 80022ea:	f44f 5080 	mov.w	r0, #4096	@ 0x1000
 80022ee:	f7ff fdef 	bl	8001ed0 <force_master_fault>
 80022f2:	f7fe f9ad 	bl	8000650 <gs_board_read_hall>
 80022f6:	4681      	mov	r9, r0
 80022f8:	486a      	ldr	r0, [pc, #424]	@ (80024a4 <main+0x51c>)
 80022fa:	f7ff f8de 	bl	80014ba <gs_hall_qualifier_value>
 80022fe:	4607      	mov	r7, r0
 8002300:	f7fe fba4 	bl	8000a4c <gs_board_shutdown_raw_high>
 8002304:	2201      	movs	r2, #1
 8002306:	4601      	mov	r1, r0
 8002308:	4867      	ldr	r0, [pc, #412]	@ (80024a8 <main+0x520>)
 800230a:	f7fe ff4c 	bl	80011a6 <gs_master_set_runtime_status>
 800230e:	7821      	ldrb	r1, [r4, #0]
 8002310:	f8df a198 	ldr.w	sl, [pc, #408]	@ 80024ac <main+0x524>
 8002314:	3901      	subs	r1, #1
 8002316:	2901      	cmp	r1, #1
 8002318:	bf8c      	ite	hi
 800231a:	2100      	movhi	r1, #0
 800231c:	2101      	movls	r1, #1
 800231e:	4864      	ldr	r0, [pc, #400]	@ (80024b0 <main+0x528>)
 8002320:	f7ff fd03 	bl	8001d2a <gs_safety_set_enabled>
 8002324:	4650      	mov	r0, sl
 8002326:	f7ff f94e 	bl	80015c6 <gs_motor_bridge_active>
 800232a:	3f01      	subs	r7, #1
 800232c:	b2ff      	uxtb	r7, r7
 800232e:	4601      	mov	r1, r0
 8002330:	462a      	mov	r2, r5
 8002332:	485f      	ldr	r0, [pc, #380]	@ (80024b0 <main+0x528>)
 8002334:	f7ff fd00 	bl	8001d38 <gs_safety_note_demand>
 8002338:	f7fe fb92 	bl	8000a60 <gs_board_shutdown_clear>
 800233c:	2f05      	cmp	r7, #5
 800233e:	bf8c      	ite	hi
 8002340:	2700      	movhi	r7, #0
 8002342:	2701      	movls	r7, #1
 8002344:	4b55      	ldr	r3, [pc, #340]	@ (800249c <main+0x514>)
 8002346:	f88d 0018 	strb.w	r0, [sp, #24]
 800234a:	781b      	ldrb	r3, [r3, #0]
 800234c:	4856      	ldr	r0, [pc, #344]	@ (80024a8 <main+0x520>)
 800234e:	f88d 3019 	strb.w	r3, [sp, #25]
 8002352:	4b51      	ldr	r3, [pc, #324]	@ (8002498 <main+0x510>)
 8002354:	f88d 701c 	strb.w	r7, [sp, #28]
 8002358:	881b      	ldrh	r3, [r3, #0]
 800235a:	f8ad 301a 	strh.w	r3, [sp, #26]
 800235e:	f7fe ff0b 	bl	8001178 <gs_master_fault_clear_requested>
 8002362:	b318      	cbz	r0, 80023ac <main+0x424>
 8002364:	e9d4 3201 	ldrd	r3, r2, [r4, #4]
 8002368:	4313      	orrs	r3, r2
 800236a:	d11f      	bne.n	80023ac <main+0x424>
 800236c:	89a3      	ldrh	r3, [r4, #12]
 800236e:	8867      	ldrh	r7, [r4, #2]
 8002370:	431f      	orrs	r7, r3
 8002372:	f8ba 3004 	ldrh.w	r3, [sl, #4]
 8002376:	431f      	orrs	r7, r3
 8002378:	f8ba 3002 	ldrh.w	r3, [sl, #2]
 800237c:	431f      	orrs	r7, r3
 800237e:	b23f      	sxth	r7, r7
 8002380:	b9a7      	cbnz	r7, 80023ac <main+0x424>
 8002382:	4649      	mov	r1, r9
 8002384:	4847      	ldr	r0, [pc, #284]	@ (80024a4 <main+0x51c>)
 8002386:	f7ff f8a2 	bl	80014ce <gs_hall_qualifier_clear_safe>
 800238a:	b178      	cbz	r0, 80023ac <main+0x424>
 800238c:	462a      	mov	r2, r5
 800238e:	4848      	ldr	r0, [pc, #288]	@ (80024b0 <main+0x528>)
 8002390:	a906      	add	r1, sp, #24
 8002392:	f7ff fd72 	bl	8001e7a <gs_safety_clear>
 8002396:	b148      	cbz	r0, 80023ac <main+0x424>
 8002398:	4629      	mov	r1, r5
 800239a:	4650      	mov	r0, sl
 800239c:	f7ff f928 	bl	80015f0 <gs_motor_clear_fault>
 80023a0:	2101      	movs	r1, #1
 80023a2:	4841      	ldr	r0, [pc, #260]	@ (80024a8 <main+0x520>)
 80023a4:	f7fe fef3 	bl	800118e <gs_master_finish_fault_clear>
 80023a8:	f884 7066 	strb.w	r7, [r4, #102]	@ 0x66
 80023ac:	f8df a100 	ldr.w	sl, [pc, #256]	@ 80024b0 <main+0x528>
 80023b0:	462a      	mov	r2, r5
 80023b2:	4650      	mov	r0, sl
 80023b4:	a906      	add	r1, sp, #24
 80023b6:	f7ff fd06 	bl	8001dc6 <gs_safety_evaluate>
 80023ba:	6ba3      	ldr	r3, [r4, #56]	@ 0x38
 80023bc:	f8da 2004 	ldr.w	r2, [sl, #4]
 80023c0:	4313      	orrs	r3, r2
 80023c2:	63a3      	str	r3, [r4, #56]	@ 0x38
 80023c4:	b13a      	cbz	r2, 80023d6 <main+0x44e>
 80023c6:	2303      	movs	r3, #3
 80023c8:	e9c4 8801 	strd	r8, r8, [r4, #4]
 80023cc:	f8a4 8002 	strh.w	r8, [r4, #2]
 80023d0:	f8a4 800c 	strh.w	r8, [r4, #12]
 80023d4:	7023      	strb	r3, [r4, #0]
 80023d6:	f89a 7024 	ldrb.w	r7, [sl, #36]	@ 0x24
 80023da:	b12f      	cbz	r7, 80023e8 <main+0x460>
 80023dc:	f89a 7023 	ldrb.w	r7, [sl, #35]	@ 0x23
 80023e0:	b117      	cbz	r7, 80023e8 <main+0x460>
 80023e2:	fab2 f782 	clz	r7, r2
 80023e6:	097f      	lsrs	r7, r7, #5
 80023e8:	9b03      	ldr	r3, [sp, #12]
 80023ea:	e9cd 880e 	strd	r8, r8, [sp, #56]	@ 0x38
 80023ee:	f8cd 8040 	str.w	r8, [sp, #64]	@ 0x40
 80023f2:	b18b      	cbz	r3, 8002418 <main+0x490>
 80023f4:	9a0c      	ldr	r2, [sp, #48]	@ 0x30
 80023f6:	f89d 102c 	ldrb.w	r1, [sp, #44]	@ 0x2c
 80023fa:	ab0e      	add	r3, sp, #56	@ 0x38
 80023fc:	4829      	ldr	r0, [pc, #164]	@ (80024a4 <main+0x51c>)
 80023fe:	f7ff f80e 	bl	800141e <gs_hall_qualifier_update>
 8002402:	4682      	mov	sl, r0
 8002404:	b140      	cbz	r0, 8002418 <main+0x490>
 8002406:	463b      	mov	r3, r7
 8002408:	2101      	movs	r1, #1
 800240a:	9a10      	ldr	r2, [sp, #64]	@ 0x40
 800240c:	f89d 0038 	ldrb.w	r0, [sp, #56]	@ 0x38
 8002410:	9500      	str	r5, [sp, #0]
 8002412:	f7ff fd79 	bl	8001f08 <apply_motor_step>
 8002416:	4656      	mov	r6, sl
 8002418:	a813      	add	r0, sp, #76	@ 0x4c
 800241a:	f7fe f9c1 	bl	80007a0 <gs_board_hall_event_read>
 800241e:	bb30      	cbnz	r0, 800246e <main+0x4e6>
 8002420:	f7fe f93c 	bl	800069c <gs_board_micros>
 8002424:	4649      	mov	r1, r9
 8002426:	4602      	mov	r2, r0
 8002428:	ab0e      	add	r3, sp, #56	@ 0x38
 800242a:	481e      	ldr	r0, [pc, #120]	@ (80024a4 <main+0x51c>)
 800242c:	f7fe fff7 	bl	800141e <gs_hall_qualifier_update>
 8002430:	4681      	mov	r9, r0
 8002432:	b140      	cbz	r0, 8002446 <main+0x4be>
 8002434:	463b      	mov	r3, r7
 8002436:	2101      	movs	r1, #1
 8002438:	9a10      	ldr	r2, [sp, #64]	@ 0x40
 800243a:	f89d 0038 	ldrb.w	r0, [sp, #56]	@ 0x38
 800243e:	9500      	str	r5, [sp, #0]
 8002440:	f7ff fd62 	bl	8001f08 <apply_motor_step>
 8002444:	464e      	mov	r6, r9
 8002446:	4817      	ldr	r0, [pc, #92]	@ (80024a4 <main+0x51c>)
 8002448:	f7ff f83e 	bl	80014c8 <gs_hall_qualifier_glitches>
 800244c:	4601      	mov	r1, r0
 800244e:	4620      	mov	r0, r4
 8002450:	f7fe fec7 	bl	80011e2 <gs_master_set_hall_glitch_count>
 8002454:	2e00      	cmp	r6, #0
 8002456:	f47f ae8f 	bne.w	8002178 <main+0x1f0>
 800245a:	4812      	ldr	r0, [pc, #72]	@ (80024a4 <main+0x51c>)
 800245c:	f7ff f82d 	bl	80014ba <gs_hall_qualifier_value>
 8002460:	463b      	mov	r3, r7
 8002462:	4632      	mov	r2, r6
 8002464:	4631      	mov	r1, r6
 8002466:	9500      	str	r5, [sp, #0]
 8002468:	f7ff fd4e 	bl	8001f08 <apply_motor_step>
 800246c:	e684      	b.n	8002178 <main+0x1f0>
 800246e:	9a14      	ldr	r2, [sp, #80]	@ 0x50
 8002470:	f89d 104c 	ldrb.w	r1, [sp, #76]	@ 0x4c
 8002474:	ab0e      	add	r3, sp, #56	@ 0x38
 8002476:	e7c1      	b.n	80023fc <main+0x474>
 8002478:	2243      	movs	r2, #67	@ 0x43
 800247a:	2000      	movs	r0, #0
 800247c:	a913      	add	r1, sp, #76	@ 0x4c
 800247e:	f7fe fbe7 	bl	8000c50 <gs_board_uart_write>
 8002482:	b110      	cbz	r0, 800248a <main+0x502>
 8002484:	f886 8000 	strb.w	r8, [r6]
 8002488:	e6a6      	b.n	80021d8 <main+0x250>
 800248a:	4b0a      	ldr	r3, [pc, #40]	@ (80024b4 <main+0x52c>)
 800248c:	350a      	adds	r5, #10
 800248e:	601d      	str	r5, [r3, #0]
 8002490:	e6a3      	b.n	80021da <main+0x252>
 8002492:	bf00      	nop
 8002494:	20000330 	.word	0x20000330
 8002498:	2000032e 	.word	0x2000032e
 800249c:	2000032c 	.word	0x2000032c
 80024a0:	20000328 	.word	0x20000328
 80024a4:	20000354 	.word	0x20000354
 80024a8:	2000046c 	.word	0x2000046c
 80024ac:	20000444 	.word	0x20000444
 80024b0:	2000041c 	.word	0x2000041c
 80024b4:	2000034c 	.word	0x2000034c

080024b8 <memcmp>:
 80024b8:	b510      	push	{r4, lr}
 80024ba:	3901      	subs	r1, #1
 80024bc:	4402      	add	r2, r0
 80024be:	4290      	cmp	r0, r2
 80024c0:	d101      	bne.n	80024c6 <memcmp+0xe>
 80024c2:	2000      	movs	r0, #0
 80024c4:	e005      	b.n	80024d2 <memcmp+0x1a>
 80024c6:	7803      	ldrb	r3, [r0, #0]
 80024c8:	f811 4f01 	ldrb.w	r4, [r1, #1]!
 80024cc:	42a3      	cmp	r3, r4
 80024ce:	d001      	beq.n	80024d4 <memcmp+0x1c>
 80024d0:	1b18      	subs	r0, r3, r4
 80024d2:	bd10      	pop	{r4, pc}
 80024d4:	3001      	adds	r0, #1
 80024d6:	e7f2      	b.n	80024be <memcmp+0x6>

080024d8 <memmove>:
 80024d8:	4288      	cmp	r0, r1
 80024da:	b510      	push	{r4, lr}
 80024dc:	eb01 0402 	add.w	r4, r1, r2
 80024e0:	d902      	bls.n	80024e8 <memmove+0x10>
 80024e2:	4284      	cmp	r4, r0
 80024e4:	4623      	mov	r3, r4
 80024e6:	d807      	bhi.n	80024f8 <memmove+0x20>
 80024e8:	1e43      	subs	r3, r0, #1
 80024ea:	42a1      	cmp	r1, r4
 80024ec:	d007      	beq.n	80024fe <memmove+0x26>
 80024ee:	f811 2b01 	ldrb.w	r2, [r1], #1
 80024f2:	f803 2f01 	strb.w	r2, [r3, #1]!
 80024f6:	e7f8      	b.n	80024ea <memmove+0x12>
 80024f8:	4402      	add	r2, r0
 80024fa:	4282      	cmp	r2, r0
 80024fc:	d100      	bne.n	8002500 <memmove+0x28>
 80024fe:	bd10      	pop	{r4, pc}
 8002500:	f813 1d01 	ldrb.w	r1, [r3, #-1]!
 8002504:	f802 1d01 	strb.w	r1, [r2, #-1]!
 8002508:	e7f7      	b.n	80024fa <memmove+0x22>

0800250a <memset>:
 800250a:	4603      	mov	r3, r0
 800250c:	4402      	add	r2, r0
 800250e:	4293      	cmp	r3, r2
 8002510:	d100      	bne.n	8002514 <memset+0xa>
 8002512:	4770      	bx	lr
 8002514:	f803 1b01 	strb.w	r1, [r3], #1
 8002518:	e7f9      	b.n	800250e <memset+0x4>
	...

0800251c <__libc_init_array>:
 800251c:	b570      	push	{r4, r5, r6, lr}
 800251e:	2600      	movs	r6, #0
 8002520:	4d0c      	ldr	r5, [pc, #48]	@ (8002554 <__libc_init_array+0x38>)
 8002522:	4b0d      	ldr	r3, [pc, #52]	@ (8002558 <__libc_init_array+0x3c>)
 8002524:	1b5b      	subs	r3, r3, r5
 8002526:	109c      	asrs	r4, r3, #2
 8002528:	42a6      	cmp	r6, r4
 800252a:	d109      	bne.n	8002540 <__libc_init_array+0x24>
 800252c:	2600      	movs	r6, #0
 800252e:	f001 f8e1 	bl	80036f4 <_init>
 8002532:	4d0a      	ldr	r5, [pc, #40]	@ (800255c <__libc_init_array+0x40>)
 8002534:	4b0a      	ldr	r3, [pc, #40]	@ (8002560 <__libc_init_array+0x44>)
 8002536:	1b5b      	subs	r3, r3, r5
 8002538:	109c      	asrs	r4, r3, #2
 800253a:	42a6      	cmp	r6, r4
 800253c:	d105      	bne.n	800254a <__libc_init_array+0x2e>
 800253e:	bd70      	pop	{r4, r5, r6, pc}
 8002540:	f855 3b04 	ldr.w	r3, [r5], #4
 8002544:	4798      	blx	r3
 8002546:	3601      	adds	r6, #1
 8002548:	e7ee      	b.n	8002528 <__libc_init_array+0xc>
 800254a:	f855 3b04 	ldr.w	r3, [r5], #4
 800254e:	4798      	blx	r3
 8002550:	3601      	adds	r6, #1
 8002552:	e7f2      	b.n	800253a <__libc_init_array+0x1e>
 8002554:	0800378c 	.word	0x0800378c
 8002558:	0800378c 	.word	0x0800378c
 800255c:	0800378c 	.word	0x0800378c
 8002560:	08003790 	.word	0x08003790

08002564 <memcpy>:
 8002564:	440a      	add	r2, r1
 8002566:	4291      	cmp	r1, r2
 8002568:	f100 33ff 	add.w	r3, r0, #4294967295	@ 0xffffffff
 800256c:	d100      	bne.n	8002570 <memcpy+0xc>
 800256e:	4770      	bx	lr
 8002570:	b510      	push	{r4, lr}
 8002572:	f811 4b01 	ldrb.w	r4, [r1], #1
 8002576:	4291      	cmp	r1, r2
 8002578:	f803 4f01 	strb.w	r4, [r3, #1]!
 800257c:	d1f9      	bne.n	8002572 <memcpy+0xe>
 800257e:	bd10      	pop	{r4, pc}

08002580 <__udivmoddi4>:
 8002580:	e92d 47f0 	stmdb	sp!, {r4, r5, r6, r7, r8, r9, sl, lr}
 8002584:	9d08      	ldr	r5, [sp, #32]
 8002586:	460f      	mov	r7, r1
 8002588:	4604      	mov	r4, r0
 800258a:	468e      	mov	lr, r1
 800258c:	2b00      	cmp	r3, #0
 800258e:	d148      	bne.n	8002622 <__udivmoddi4+0xa2>
 8002590:	428a      	cmp	r2, r1
 8002592:	4616      	mov	r6, r2
 8002594:	d961      	bls.n	800265a <__udivmoddi4+0xda>
 8002596:	fab2 f282 	clz	r2, r2
 800259a:	b14a      	cbz	r2, 80025b0 <__udivmoddi4+0x30>
 800259c:	f1c2 0320 	rsb	r3, r2, #32
 80025a0:	fa01 fe02 	lsl.w	lr, r1, r2
 80025a4:	fa20 f303 	lsr.w	r3, r0, r3
 80025a8:	4096      	lsls	r6, r2
 80025aa:	ea43 0e0e 	orr.w	lr, r3, lr
 80025ae:	4094      	lsls	r4, r2
 80025b0:	ea4f 4c16 	mov.w	ip, r6, lsr #16
 80025b4:	fbbe f1fc 	udiv	r1, lr, ip
 80025b8:	b2b7      	uxth	r7, r6
 80025ba:	fb0c ee11 	mls	lr, ip, r1, lr
 80025be:	fb01 f007 	mul.w	r0, r1, r7
 80025c2:	0c23      	lsrs	r3, r4, #16
 80025c4:	ea43 430e 	orr.w	r3, r3, lr, lsl #16
 80025c8:	4298      	cmp	r0, r3
 80025ca:	d909      	bls.n	80025e0 <__udivmoddi4+0x60>
 80025cc:	18f3      	adds	r3, r6, r3
 80025ce:	f101 3eff 	add.w	lr, r1, #4294967295	@ 0xffffffff
 80025d2:	f080 80ed 	bcs.w	80027b0 <__udivmoddi4+0x230>
 80025d6:	4298      	cmp	r0, r3
 80025d8:	f240 80ea 	bls.w	80027b0 <__udivmoddi4+0x230>
 80025dc:	3902      	subs	r1, #2
 80025de:	4433      	add	r3, r6
 80025e0:	1a1b      	subs	r3, r3, r0
 80025e2:	fbb3 f0fc 	udiv	r0, r3, ip
 80025e6:	fb0c 3310 	mls	r3, ip, r0, r3
 80025ea:	fb00 f707 	mul.w	r7, r0, r7
 80025ee:	b2a4      	uxth	r4, r4
 80025f0:	ea44 4403 	orr.w	r4, r4, r3, lsl #16
 80025f4:	42a7      	cmp	r7, r4
 80025f6:	d909      	bls.n	800260c <__udivmoddi4+0x8c>
 80025f8:	1934      	adds	r4, r6, r4
 80025fa:	f100 33ff 	add.w	r3, r0, #4294967295	@ 0xffffffff
 80025fe:	f080 80d9 	bcs.w	80027b4 <__udivmoddi4+0x234>
 8002602:	42a7      	cmp	r7, r4
 8002604:	f240 80d6 	bls.w	80027b4 <__udivmoddi4+0x234>
 8002608:	4434      	add	r4, r6
 800260a:	3802      	subs	r0, #2
 800260c:	ea40 4001 	orr.w	r0, r0, r1, lsl #16
 8002610:	2100      	movs	r1, #0
 8002612:	1be4      	subs	r4, r4, r7
 8002614:	b11d      	cbz	r5, 800261e <__udivmoddi4+0x9e>
 8002616:	2300      	movs	r3, #0
 8002618:	40d4      	lsrs	r4, r2
 800261a:	e9c5 4300 	strd	r4, r3, [r5]
 800261e:	e8bd 87f0 	ldmia.w	sp!, {r4, r5, r6, r7, r8, r9, sl, pc}
 8002622:	428b      	cmp	r3, r1
 8002624:	d906      	bls.n	8002634 <__udivmoddi4+0xb4>
 8002626:	b10d      	cbz	r5, 800262c <__udivmoddi4+0xac>
 8002628:	e9c5 0100 	strd	r0, r1, [r5]
 800262c:	2100      	movs	r1, #0
 800262e:	4608      	mov	r0, r1
 8002630:	e8bd 87f0 	ldmia.w	sp!, {r4, r5, r6, r7, r8, r9, sl, pc}
 8002634:	fab3 f183 	clz	r1, r3
 8002638:	2900      	cmp	r1, #0
 800263a:	d147      	bne.n	80026cc <__udivmoddi4+0x14c>
 800263c:	42bb      	cmp	r3, r7
 800263e:	d302      	bcc.n	8002646 <__udivmoddi4+0xc6>
 8002640:	4282      	cmp	r2, r0
 8002642:	f200 8104 	bhi.w	800284e <__udivmoddi4+0x2ce>
 8002646:	1a84      	subs	r4, r0, r2
 8002648:	eb67 0203 	sbc.w	r2, r7, r3
 800264c:	2001      	movs	r0, #1
 800264e:	4696      	mov	lr, r2
 8002650:	2d00      	cmp	r5, #0
 8002652:	d0e4      	beq.n	800261e <__udivmoddi4+0x9e>
 8002654:	e9c5 4e00 	strd	r4, lr, [r5]
 8002658:	e7e1      	b.n	800261e <__udivmoddi4+0x9e>
 800265a:	2a00      	cmp	r2, #0
 800265c:	f000 8090 	beq.w	8002780 <__udivmoddi4+0x200>
 8002660:	fab2 f282 	clz	r2, r2
 8002664:	2a00      	cmp	r2, #0
 8002666:	f040 80a7 	bne.w	80027b8 <__udivmoddi4+0x238>
 800266a:	1b88      	subs	r0, r1, r6
 800266c:	2101      	movs	r1, #1
 800266e:	0c37      	lsrs	r7, r6, #16
 8002670:	fa1f fe86 	uxth.w	lr, r6
 8002674:	fbb0 fcf7 	udiv	ip, r0, r7
 8002678:	fb07 001c 	mls	r0, r7, ip, r0
 800267c:	0c23      	lsrs	r3, r4, #16
 800267e:	ea43 4300 	orr.w	r3, r3, r0, lsl #16
 8002682:	fb0e f00c 	mul.w	r0, lr, ip
 8002686:	4298      	cmp	r0, r3
 8002688:	d907      	bls.n	800269a <__udivmoddi4+0x11a>
 800268a:	18f3      	adds	r3, r6, r3
 800268c:	f10c 38ff 	add.w	r8, ip, #4294967295	@ 0xffffffff
 8002690:	d202      	bcs.n	8002698 <__udivmoddi4+0x118>
 8002692:	4298      	cmp	r0, r3
 8002694:	f200 80e0 	bhi.w	8002858 <__udivmoddi4+0x2d8>
 8002698:	46c4      	mov	ip, r8
 800269a:	1a1b      	subs	r3, r3, r0
 800269c:	fbb3 f0f7 	udiv	r0, r3, r7
 80026a0:	fb07 3310 	mls	r3, r7, r0, r3
 80026a4:	fb0e fe00 	mul.w	lr, lr, r0
 80026a8:	b2a4      	uxth	r4, r4
 80026aa:	ea44 4403 	orr.w	r4, r4, r3, lsl #16
 80026ae:	45a6      	cmp	lr, r4
 80026b0:	d907      	bls.n	80026c2 <__udivmoddi4+0x142>
 80026b2:	1934      	adds	r4, r6, r4
 80026b4:	f100 33ff 	add.w	r3, r0, #4294967295	@ 0xffffffff
 80026b8:	d202      	bcs.n	80026c0 <__udivmoddi4+0x140>
 80026ba:	45a6      	cmp	lr, r4
 80026bc:	f200 80c9 	bhi.w	8002852 <__udivmoddi4+0x2d2>
 80026c0:	4618      	mov	r0, r3
 80026c2:	eba4 040e 	sub.w	r4, r4, lr
 80026c6:	ea40 400c 	orr.w	r0, r0, ip, lsl #16
 80026ca:	e7a3      	b.n	8002614 <__udivmoddi4+0x94>
 80026cc:	f1c1 0620 	rsb	r6, r1, #32
 80026d0:	408b      	lsls	r3, r1
 80026d2:	fa22 fc06 	lsr.w	ip, r2, r6
 80026d6:	ea4c 0c03 	orr.w	ip, ip, r3
 80026da:	fa27 fa06 	lsr.w	sl, r7, r6
 80026de:	ea4f 491c 	mov.w	r9, ip, lsr #16
 80026e2:	fbba f8f9 	udiv	r8, sl, r9
 80026e6:	408f      	lsls	r7, r1
 80026e8:	fa20 f306 	lsr.w	r3, r0, r6
 80026ec:	fb09 aa18 	mls	sl, r9, r8, sl
 80026f0:	fa1f fe8c 	uxth.w	lr, ip
 80026f4:	433b      	orrs	r3, r7
 80026f6:	fa00 f701 	lsl.w	r7, r0, r1
 80026fa:	fb08 f00e 	mul.w	r0, r8, lr
 80026fe:	0c1c      	lsrs	r4, r3, #16
 8002700:	ea44 440a 	orr.w	r4, r4, sl, lsl #16
 8002704:	42a0      	cmp	r0, r4
 8002706:	fa02 f201 	lsl.w	r2, r2, r1
 800270a:	d90b      	bls.n	8002724 <__udivmoddi4+0x1a4>
 800270c:	eb1c 0404 	adds.w	r4, ip, r4
 8002710:	f108 3aff 	add.w	sl, r8, #4294967295	@ 0xffffffff
 8002714:	f080 8099 	bcs.w	800284a <__udivmoddi4+0x2ca>
 8002718:	42a0      	cmp	r0, r4
 800271a:	f240 8096 	bls.w	800284a <__udivmoddi4+0x2ca>
 800271e:	f1a8 0802 	sub.w	r8, r8, #2
 8002722:	4464      	add	r4, ip
 8002724:	1a24      	subs	r4, r4, r0
 8002726:	b298      	uxth	r0, r3
 8002728:	fbb4 f3f9 	udiv	r3, r4, r9
 800272c:	fb09 4413 	mls	r4, r9, r3, r4
 8002730:	fb03 fe0e 	mul.w	lr, r3, lr
 8002734:	ea40 4404 	orr.w	r4, r0, r4, lsl #16
 8002738:	45a6      	cmp	lr, r4
 800273a:	d908      	bls.n	800274e <__udivmoddi4+0x1ce>
 800273c:	eb1c 0404 	adds.w	r4, ip, r4
 8002740:	f103 30ff 	add.w	r0, r3, #4294967295	@ 0xffffffff
 8002744:	d27f      	bcs.n	8002846 <__udivmoddi4+0x2c6>
 8002746:	45a6      	cmp	lr, r4
 8002748:	d97d      	bls.n	8002846 <__udivmoddi4+0x2c6>
 800274a:	3b02      	subs	r3, #2
 800274c:	4464      	add	r4, ip
 800274e:	ea43 4008 	orr.w	r0, r3, r8, lsl #16
 8002752:	eba4 040e 	sub.w	r4, r4, lr
 8002756:	fba0 8e02 	umull	r8, lr, r0, r2
 800275a:	4574      	cmp	r4, lr
 800275c:	4643      	mov	r3, r8
 800275e:	46f1      	mov	r9, lr
 8002760:	d361      	bcc.n	8002826 <__udivmoddi4+0x2a6>
 8002762:	d05e      	beq.n	8002822 <__udivmoddi4+0x2a2>
 8002764:	b155      	cbz	r5, 800277c <__udivmoddi4+0x1fc>
 8002766:	1afa      	subs	r2, r7, r3
 8002768:	eb64 0409 	sbc.w	r4, r4, r9
 800276c:	fa04 f606 	lsl.w	r6, r4, r6
 8002770:	fa22 f301 	lsr.w	r3, r2, r1
 8002774:	431e      	orrs	r6, r3
 8002776:	40cc      	lsrs	r4, r1
 8002778:	e9c5 6400 	strd	r6, r4, [r5]
 800277c:	2100      	movs	r1, #0
 800277e:	e74e      	b.n	800261e <__udivmoddi4+0x9e>
 8002780:	0843      	lsrs	r3, r0, #1
 8002782:	ea4f 0c51 	mov.w	ip, r1, lsr #1
 8002786:	ea43 71c1 	orr.w	r1, r3, r1, lsl #31
 800278a:	0c0a      	lsrs	r2, r1, #16
 800278c:	ea42 420c 	orr.w	r2, r2, ip, lsl #16
 8002790:	b28b      	uxth	r3, r1
 8002792:	07c4      	lsls	r4, r0, #31
 8002794:	fbb2 f1f6 	udiv	r1, r2, r6
 8002798:	ea43 4302 	orr.w	r3, r3, r2, lsl #16
 800279c:	fbbc fcf6 	udiv	ip, ip, r6
 80027a0:	46b6      	mov	lr, r6
 80027a2:	4630      	mov	r0, r6
 80027a4:	4637      	mov	r7, r6
 80027a6:	221f      	movs	r2, #31
 80027a8:	1a18      	subs	r0, r3, r0
 80027aa:	ea41 410c 	orr.w	r1, r1, ip, lsl #16
 80027ae:	e761      	b.n	8002674 <__udivmoddi4+0xf4>
 80027b0:	4671      	mov	r1, lr
 80027b2:	e715      	b.n	80025e0 <__udivmoddi4+0x60>
 80027b4:	4618      	mov	r0, r3
 80027b6:	e729      	b.n	800260c <__udivmoddi4+0x8c>
 80027b8:	f1c2 0320 	rsb	r3, r2, #32
 80027bc:	fa21 f003 	lsr.w	r0, r1, r3
 80027c0:	4096      	lsls	r6, r2
 80027c2:	fa24 f303 	lsr.w	r3, r4, r3
 80027c6:	4097      	lsls	r7, r2
 80027c8:	433b      	orrs	r3, r7
 80027ca:	0c37      	lsrs	r7, r6, #16
 80027cc:	fbb0 f8f7 	udiv	r8, r0, r7
 80027d0:	fb07 0018 	mls	r0, r7, r8, r0
 80027d4:	fa1f fe86 	uxth.w	lr, r6
 80027d8:	0c19      	lsrs	r1, r3, #16
 80027da:	ea41 4100 	orr.w	r1, r1, r0, lsl #16
 80027de:	fb08 f00e 	mul.w	r0, r8, lr
 80027e2:	4288      	cmp	r0, r1
 80027e4:	fa04 f402 	lsl.w	r4, r4, r2
 80027e8:	d93a      	bls.n	8002860 <__udivmoddi4+0x2e0>
 80027ea:	1871      	adds	r1, r6, r1
 80027ec:	f108 3cff 	add.w	ip, r8, #4294967295	@ 0xffffffff
 80027f0:	d201      	bcs.n	80027f6 <__udivmoddi4+0x276>
 80027f2:	4288      	cmp	r0, r1
 80027f4:	d81e      	bhi.n	8002834 <__udivmoddi4+0x2b4>
 80027f6:	1a09      	subs	r1, r1, r0
 80027f8:	fbb1 f8f7 	udiv	r8, r1, r7
 80027fc:	fb08 f00e 	mul.w	r0, r8, lr
 8002800:	fb07 1118 	mls	r1, r7, r8, r1
 8002804:	b29b      	uxth	r3, r3
 8002806:	ea43 4301 	orr.w	r3, r3, r1, lsl #16
 800280a:	4283      	cmp	r3, r0
 800280c:	d22f      	bcs.n	800286e <__udivmoddi4+0x2ee>
 800280e:	18f3      	adds	r3, r6, r3
 8002810:	f108 31ff 	add.w	r1, r8, #4294967295	@ 0xffffffff
 8002814:	d2c8      	bcs.n	80027a8 <__udivmoddi4+0x228>
 8002816:	4283      	cmp	r3, r0
 8002818:	d2c6      	bcs.n	80027a8 <__udivmoddi4+0x228>
 800281a:	f1a8 0102 	sub.w	r1, r8, #2
 800281e:	4433      	add	r3, r6
 8002820:	e7c2      	b.n	80027a8 <__udivmoddi4+0x228>
 8002822:	4547      	cmp	r7, r8
 8002824:	d29e      	bcs.n	8002764 <__udivmoddi4+0x1e4>
 8002826:	ebb8 0302 	subs.w	r3, r8, r2
 800282a:	eb6e 0e0c 	sbc.w	lr, lr, ip
 800282e:	3801      	subs	r0, #1
 8002830:	46f1      	mov	r9, lr
 8002832:	e797      	b.n	8002764 <__udivmoddi4+0x1e4>
 8002834:	1a30      	subs	r0, r6, r0
 8002836:	4401      	add	r1, r0
 8002838:	f1a8 0c02 	sub.w	ip, r8, #2
 800283c:	fbb1 f8f7 	udiv	r8, r1, r7
 8002840:	fb08 f00e 	mul.w	r0, r8, lr
 8002844:	e7dc      	b.n	8002800 <__udivmoddi4+0x280>
 8002846:	4603      	mov	r3, r0
 8002848:	e781      	b.n	800274e <__udivmoddi4+0x1ce>
 800284a:	46d0      	mov	r8, sl
 800284c:	e76a      	b.n	8002724 <__udivmoddi4+0x1a4>
 800284e:	4608      	mov	r0, r1
 8002850:	e6fe      	b.n	8002650 <__udivmoddi4+0xd0>
 8002852:	4434      	add	r4, r6
 8002854:	3802      	subs	r0, #2
 8002856:	e734      	b.n	80026c2 <__udivmoddi4+0x142>
 8002858:	f1ac 0c02 	sub.w	ip, ip, #2
 800285c:	4433      	add	r3, r6
 800285e:	e71c      	b.n	800269a <__udivmoddi4+0x11a>
 8002860:	1a09      	subs	r1, r1, r0
 8002862:	46c4      	mov	ip, r8
 8002864:	fbb1 f8f7 	udiv	r8, r1, r7
 8002868:	fb08 f00e 	mul.w	r0, r8, lr
 800286c:	e7c8      	b.n	8002800 <__udivmoddi4+0x280>
 800286e:	4641      	mov	r1, r8
 8002870:	e79a      	b.n	80027a8 <__udivmoddi4+0x228>
 8002872:	bf00      	nop

08002874 <SystemInit>:
 8002874:	4b1e      	ldr	r3, [pc, #120]	@ (80028f0 <SystemInit+0x7c>)
 8002876:	681a      	ldr	r2, [r3, #0]
 8002878:	f042 0201 	orr.w	r2, r2, #1
 800287c:	601a      	str	r2, [r3, #0]
 800287e:	681a      	ldr	r2, [r3, #0]
 8002880:	0792      	lsls	r2, r2, #30
 8002882:	d5fc      	bpl.n	800287e <SystemInit+0xa>
 8002884:	6859      	ldr	r1, [r3, #4]
 8002886:	4a1b      	ldr	r2, [pc, #108]	@ (80028f4 <SystemInit+0x80>)
 8002888:	f04f 6000 	mov.w	r0, #134217728	@ 0x8000000
 800288c:	400a      	ands	r2, r1
 800288e:	2100      	movs	r1, #0
 8002890:	605a      	str	r2, [r3, #4]
 8002892:	685a      	ldr	r2, [r3, #4]
 8002894:	f022 6203 	bic.w	r2, r2, #137363456	@ 0x8300000
 8002898:	f422 2270 	bic.w	r2, r2, #983040	@ 0xf0000
 800289c:	605a      	str	r2, [r3, #4]
 800289e:	685a      	ldr	r2, [r3, #4]
 80028a0:	f422 0240 	bic.w	r2, r2, #12582912	@ 0xc00000
 80028a4:	605a      	str	r2, [r3, #4]
 80028a6:	681a      	ldr	r2, [r3, #0]
 80028a8:	f022 7286 	bic.w	r2, r2, #17563648	@ 0x10c0000
 80028ac:	f422 3280 	bic.w	r2, r2, #65536	@ 0x10000
 80028b0:	601a      	str	r2, [r3, #0]
 80028b2:	6ada      	ldr	r2, [r3, #44]	@ 0x2c
 80028b4:	f022 020f 	bic.w	r2, r2, #15
 80028b8:	62da      	str	r2, [r3, #44]	@ 0x2c
 80028ba:	6b1a      	ldr	r2, [r3, #48]	@ 0x30
 80028bc:	f422 72a1 	bic.w	r2, r2, #322	@ 0x142
 80028c0:	f022 0201 	bic.w	r2, r2, #1
 80028c4:	631a      	str	r2, [r3, #48]	@ 0x30
 80028c6:	6b5a      	ldr	r2, [r3, #52]	@ 0x34
 80028c8:	f022 0201 	bic.w	r2, r2, #1
 80028cc:	635a      	str	r2, [r3, #52]	@ 0x34
 80028ce:	6099      	str	r1, [r3, #8]
 80028d0:	685a      	ldr	r2, [r3, #4]
 80028d2:	605a      	str	r2, [r3, #4]
 80028d4:	685a      	ldr	r2, [r3, #4]
 80028d6:	605a      	str	r2, [r3, #4]
 80028d8:	685a      	ldr	r2, [r3, #4]
 80028da:	605a      	str	r2, [r3, #4]
 80028dc:	685a      	ldr	r2, [r3, #4]
 80028de:	f022 0203 	bic.w	r2, r2, #3
 80028e2:	605a      	str	r2, [r3, #4]
 80028e4:	685a      	ldr	r2, [r3, #4]
 80028e6:	605a      	str	r2, [r3, #4]
 80028e8:	685b      	ldr	r3, [r3, #4]
 80028ea:	f000 ba97 	b.w	8002e1c <nvic_vector_table_set>
 80028ee:	bf00      	nop
 80028f0:	40021000 	.word	0x40021000
 80028f4:	08ff000c 	.word	0x08ff000c

080028f8 <adc_deinit>:
 80028f8:	b508      	push	{r3, lr}
 80028fa:	f240 3009 	movw	r0, #777	@ 0x309
 80028fe:	f000 fab2 	bl	8002e66 <rcu_periph_reset_enable>
 8002902:	e8bd 4008 	ldmia.w	sp!, {r3, lr}
 8002906:	f240 3009 	movw	r0, #777	@ 0x309
 800290a:	f000 baae 	b.w	8002e6a <rcu_periph_reset_disable>
	...

08002910 <adc_enable>:
 8002910:	4b05      	ldr	r3, [pc, #20]	@ (8002928 <adc_enable+0x18>)
 8002912:	f8d3 2408 	ldr.w	r2, [r3, #1032]	@ 0x408
 8002916:	07d2      	lsls	r2, r2, #31
 8002918:	bf5e      	ittt	pl
 800291a:	f8d3 2408 	ldrpl.w	r2, [r3, #1032]	@ 0x408
 800291e:	f042 0201 	orrpl.w	r2, r2, #1
 8002922:	f8c3 2408 	strpl.w	r2, [r3, #1032]	@ 0x408
 8002926:	4770      	bx	lr
 8002928:	40012000 	.word	0x40012000

0800292c <adc_calibration_enable>:
 800292c:	4b0a      	ldr	r3, [pc, #40]	@ (8002958 <adc_calibration_enable+0x2c>)
 800292e:	f8d3 2408 	ldr.w	r2, [r3, #1032]	@ 0x408
 8002932:	f042 0208 	orr.w	r2, r2, #8
 8002936:	f8c3 2408 	str.w	r2, [r3, #1032]	@ 0x408
 800293a:	f8d3 2408 	ldr.w	r2, [r3, #1032]	@ 0x408
 800293e:	0711      	lsls	r1, r2, #28
 8002940:	d4fb      	bmi.n	800293a <adc_calibration_enable+0xe>
 8002942:	f8d3 2408 	ldr.w	r2, [r3, #1032]	@ 0x408
 8002946:	f042 0204 	orr.w	r2, r2, #4
 800294a:	f8c3 2408 	str.w	r2, [r3, #1032]	@ 0x408
 800294e:	f8d3 2408 	ldr.w	r2, [r3, #1032]	@ 0x408
 8002952:	0752      	lsls	r2, r2, #29
 8002954:	d4fb      	bmi.n	800294e <adc_calibration_enable+0x22>
 8002956:	4770      	bx	lr
 8002958:	40012000 	.word	0x40012000

0800295c <adc_data_alignment_config>:
 800295c:	4b05      	ldr	r3, [pc, #20]	@ (8002974 <adc_data_alignment_config+0x18>)
 800295e:	f8d3 2408 	ldr.w	r2, [r3, #1032]	@ 0x408
 8002962:	b120      	cbz	r0, 800296e <adc_data_alignment_config+0x12>
 8002964:	f442 6200 	orr.w	r2, r2, #2048	@ 0x800
 8002968:	f8c3 2408 	str.w	r2, [r3, #1032]	@ 0x408
 800296c:	4770      	bx	lr
 800296e:	f422 6200 	bic.w	r2, r2, #2048	@ 0x800
 8002972:	e7f9      	b.n	8002968 <adc_data_alignment_config+0xc>
 8002974:	40012000 	.word	0x40012000

08002978 <adc_channel_length_config>:
 8002978:	2801      	cmp	r0, #1
 800297a:	d002      	beq.n	8002982 <adc_channel_length_config+0xa>
 800297c:	2802      	cmp	r0, #2
 800297e:	d011      	beq.n	80029a4 <adc_channel_length_config+0x2c>
 8002980:	4770      	bx	lr
 8002982:	4b11      	ldr	r3, [pc, #68]	@ (80029c8 <adc_channel_length_config+0x50>)
 8002984:	3901      	subs	r1, #1
 8002986:	f8d3 242c 	ldr.w	r2, [r3, #1068]	@ 0x42c
 800298a:	0509      	lsls	r1, r1, #20
 800298c:	f422 0270 	bic.w	r2, r2, #15728640	@ 0xf00000
 8002990:	f8c3 242c 	str.w	r2, [r3, #1068]	@ 0x42c
 8002994:	f8d3 242c 	ldr.w	r2, [r3, #1068]	@ 0x42c
 8002998:	f401 0170 	and.w	r1, r1, #15728640	@ 0xf00000
 800299c:	4311      	orrs	r1, r2
 800299e:	f8c3 142c 	str.w	r1, [r3, #1068]	@ 0x42c
 80029a2:	4770      	bx	lr
 80029a4:	4b08      	ldr	r3, [pc, #32]	@ (80029c8 <adc_channel_length_config+0x50>)
 80029a6:	3901      	subs	r1, #1
 80029a8:	f8d3 2438 	ldr.w	r2, [r3, #1080]	@ 0x438
 80029ac:	0509      	lsls	r1, r1, #20
 80029ae:	f422 1240 	bic.w	r2, r2, #3145728	@ 0x300000
 80029b2:	f8c3 2438 	str.w	r2, [r3, #1080]	@ 0x438
 80029b6:	f8d3 2438 	ldr.w	r2, [r3, #1080]	@ 0x438
 80029ba:	f401 1140 	and.w	r1, r1, #3145728	@ 0x300000
 80029be:	4311      	orrs	r1, r2
 80029c0:	f8c3 1438 	str.w	r1, [r3, #1080]	@ 0x438
 80029c4:	4770      	bx	lr
 80029c6:	bf00      	nop
 80029c8:	40012000 	.word	0x40012000

080029cc <adc_regular_channel_config>:
 80029cc:	2912      	cmp	r1, #18
 80029ce:	bf08      	it	eq
 80029d0:	2100      	moveq	r1, #0
 80029d2:	2805      	cmp	r0, #5
 80029d4:	b530      	push	{r4, r5, lr}
 80029d6:	d81e      	bhi.n	8002a16 <adc_regular_channel_config+0x4a>
 80029d8:	241f      	movs	r4, #31
 80029da:	4d29      	ldr	r5, [pc, #164]	@ (8002a80 <adc_regular_channel_config+0xb4>)
 80029dc:	eb00 0080 	add.w	r0, r0, r0, lsl #2
 80029e0:	f8d5 3434 	ldr.w	r3, [r5, #1076]	@ 0x434
 80029e4:	4084      	lsls	r4, r0
 80029e6:	ea23 0304 	bic.w	r3, r3, r4
 80029ea:	fa01 f000 	lsl.w	r0, r1, r0
 80029ee:	4318      	orrs	r0, r3
 80029f0:	f8c5 0434 	str.w	r0, [r5, #1076]	@ 0x434
 80029f4:	2909      	cmp	r1, #9
 80029f6:	d832      	bhi.n	8002a5e <adc_regular_channel_config+0x92>
 80029f8:	2007      	movs	r0, #7
 80029fa:	4c21      	ldr	r4, [pc, #132]	@ (8002a80 <adc_regular_channel_config+0xb4>)
 80029fc:	eb01 0141 	add.w	r1, r1, r1, lsl #1
 8002a00:	f8d4 3410 	ldr.w	r3, [r4, #1040]	@ 0x410
 8002a04:	4088      	lsls	r0, r1
 8002a06:	ea23 0300 	bic.w	r3, r3, r0
 8002a0a:	fa02 f101 	lsl.w	r1, r2, r1
 8002a0e:	4319      	orrs	r1, r3
 8002a10:	f8c4 1410 	str.w	r1, [r4, #1040]	@ 0x410
 8002a14:	bd30      	pop	{r4, r5, pc}
 8002a16:	280b      	cmp	r0, #11
 8002a18:	d80f      	bhi.n	8002a3a <adc_regular_channel_config+0x6e>
 8002a1a:	241f      	movs	r4, #31
 8002a1c:	4d18      	ldr	r5, [pc, #96]	@ (8002a80 <adc_regular_channel_config+0xb4>)
 8002a1e:	eb00 0080 	add.w	r0, r0, r0, lsl #2
 8002a22:	f8d5 3430 	ldr.w	r3, [r5, #1072]	@ 0x430
 8002a26:	381e      	subs	r0, #30
 8002a28:	4084      	lsls	r4, r0
 8002a2a:	ea23 0304 	bic.w	r3, r3, r4
 8002a2e:	fa01 f000 	lsl.w	r0, r1, r0
 8002a32:	4318      	orrs	r0, r3
 8002a34:	f8c5 0430 	str.w	r0, [r5, #1072]	@ 0x430
 8002a38:	e7dc      	b.n	80029f4 <adc_regular_channel_config+0x28>
 8002a3a:	280f      	cmp	r0, #15
 8002a3c:	d8da      	bhi.n	80029f4 <adc_regular_channel_config+0x28>
 8002a3e:	241f      	movs	r4, #31
 8002a40:	4d0f      	ldr	r5, [pc, #60]	@ (8002a80 <adc_regular_channel_config+0xb4>)
 8002a42:	eb00 0080 	add.w	r0, r0, r0, lsl #2
 8002a46:	f8d5 342c 	ldr.w	r3, [r5, #1068]	@ 0x42c
 8002a4a:	383c      	subs	r0, #60	@ 0x3c
 8002a4c:	4084      	lsls	r4, r0
 8002a4e:	ea23 0304 	bic.w	r3, r3, r4
 8002a52:	fa01 f000 	lsl.w	r0, r1, r0
 8002a56:	4318      	orrs	r0, r3
 8002a58:	f8c5 042c 	str.w	r0, [r5, #1068]	@ 0x42c
 8002a5c:	e7ca      	b.n	80029f4 <adc_regular_channel_config+0x28>
 8002a5e:	2911      	cmp	r1, #17
 8002a60:	d8d8      	bhi.n	8002a14 <adc_regular_channel_config+0x48>
 8002a62:	2007      	movs	r0, #7
 8002a64:	4c06      	ldr	r4, [pc, #24]	@ (8002a80 <adc_regular_channel_config+0xb4>)
 8002a66:	eb01 0141 	add.w	r1, r1, r1, lsl #1
 8002a6a:	f8d4 340c 	ldr.w	r3, [r4, #1036]	@ 0x40c
 8002a6e:	391e      	subs	r1, #30
 8002a70:	4088      	lsls	r0, r1
 8002a72:	ea23 0300 	bic.w	r3, r3, r0
 8002a76:	408a      	lsls	r2, r1
 8002a78:	431a      	orrs	r2, r3
 8002a7a:	f8c4 240c 	str.w	r2, [r4, #1036]	@ 0x40c
 8002a7e:	e7c9      	b.n	8002a14 <adc_regular_channel_config+0x48>
 8002a80:	40012000 	.word	0x40012000

08002a84 <adc_external_trigger_config>:
 8002a84:	f000 0301 	and.w	r3, r0, #1
 8002a88:	f000 0002 	and.w	r0, r0, #2
 8002a8c:	b181      	cbz	r1, 8002ab0 <adc_external_trigger_config+0x2c>
 8002a8e:	b133      	cbz	r3, 8002a9e <adc_external_trigger_config+0x1a>
 8002a90:	4a0f      	ldr	r2, [pc, #60]	@ (8002ad0 <adc_external_trigger_config+0x4c>)
 8002a92:	f8d2 3408 	ldr.w	r3, [r2, #1032]	@ 0x408
 8002a96:	f443 1380 	orr.w	r3, r3, #1048576	@ 0x100000
 8002a9a:	f8c2 3408 	str.w	r3, [r2, #1032]	@ 0x408
 8002a9e:	b130      	cbz	r0, 8002aae <adc_external_trigger_config+0x2a>
 8002aa0:	4a0b      	ldr	r2, [pc, #44]	@ (8002ad0 <adc_external_trigger_config+0x4c>)
 8002aa2:	f8d2 3408 	ldr.w	r3, [r2, #1032]	@ 0x408
 8002aa6:	f443 4300 	orr.w	r3, r3, #32768	@ 0x8000
 8002aaa:	f8c2 3408 	str.w	r3, [r2, #1032]	@ 0x408
 8002aae:	4770      	bx	lr
 8002ab0:	b133      	cbz	r3, 8002ac0 <adc_external_trigger_config+0x3c>
 8002ab2:	4a07      	ldr	r2, [pc, #28]	@ (8002ad0 <adc_external_trigger_config+0x4c>)
 8002ab4:	f8d2 3408 	ldr.w	r3, [r2, #1032]	@ 0x408
 8002ab8:	f423 1380 	bic.w	r3, r3, #1048576	@ 0x100000
 8002abc:	f8c2 3408 	str.w	r3, [r2, #1032]	@ 0x408
 8002ac0:	2800      	cmp	r0, #0
 8002ac2:	d0f4      	beq.n	8002aae <adc_external_trigger_config+0x2a>
 8002ac4:	4a02      	ldr	r2, [pc, #8]	@ (8002ad0 <adc_external_trigger_config+0x4c>)
 8002ac6:	f8d2 3408 	ldr.w	r3, [r2, #1032]	@ 0x408
 8002aca:	f423 4300 	bic.w	r3, r3, #32768	@ 0x8000
 8002ace:	e7ec      	b.n	8002aaa <adc_external_trigger_config+0x26>
 8002ad0:	40012000 	.word	0x40012000

08002ad4 <adc_external_trigger_source_config>:
 8002ad4:	2801      	cmp	r0, #1
 8002ad6:	d002      	beq.n	8002ade <adc_external_trigger_source_config+0xa>
 8002ad8:	2802      	cmp	r0, #2
 8002ada:	d00d      	beq.n	8002af8 <adc_external_trigger_source_config+0x24>
 8002adc:	4770      	bx	lr
 8002ade:	4b09      	ldr	r3, [pc, #36]	@ (8002b04 <adc_external_trigger_source_config+0x30>)
 8002ae0:	f8d3 2408 	ldr.w	r2, [r3, #1032]	@ 0x408
 8002ae4:	f422 2260 	bic.w	r2, r2, #917504	@ 0xe0000
 8002ae8:	f8c3 2408 	str.w	r2, [r3, #1032]	@ 0x408
 8002aec:	f8d3 2408 	ldr.w	r2, [r3, #1032]	@ 0x408
 8002af0:	430a      	orrs	r2, r1
 8002af2:	f8c3 2408 	str.w	r2, [r3, #1032]	@ 0x408
 8002af6:	4770      	bx	lr
 8002af8:	4b02      	ldr	r3, [pc, #8]	@ (8002b04 <adc_external_trigger_source_config+0x30>)
 8002afa:	f8d3 2408 	ldr.w	r2, [r3, #1032]	@ 0x408
 8002afe:	f422 42e0 	bic.w	r2, r2, #28672	@ 0x7000
 8002b02:	e7f1      	b.n	8002ae8 <adc_external_trigger_source_config+0x14>
 8002b04:	40012000 	.word	0x40012000

08002b08 <adc_software_trigger_enable>:
 8002b08:	07c2      	lsls	r2, r0, #31
 8002b0a:	bf41      	itttt	mi
 8002b0c:	4a08      	ldrmi	r2, [pc, #32]	@ (8002b30 <adc_software_trigger_enable+0x28>)
 8002b0e:	f8d2 3408 	ldrmi.w	r3, [r2, #1032]	@ 0x408
 8002b12:	f443 0380 	orrmi.w	r3, r3, #4194304	@ 0x400000
 8002b16:	f8c2 3408 	strmi.w	r3, [r2, #1032]	@ 0x408
 8002b1a:	0783      	lsls	r3, r0, #30
 8002b1c:	bf41      	itttt	mi
 8002b1e:	4a04      	ldrmi	r2, [pc, #16]	@ (8002b30 <adc_software_trigger_enable+0x28>)
 8002b20:	f8d2 3408 	ldrmi.w	r3, [r2, #1032]	@ 0x408
 8002b24:	f443 1300 	orrmi.w	r3, r3, #2097152	@ 0x200000
 8002b28:	f8c2 3408 	strmi.w	r3, [r2, #1032]	@ 0x408
 8002b2c:	4770      	bx	lr
 8002b2e:	bf00      	nop
 8002b30:	40012000 	.word	0x40012000

08002b34 <adc_regular_data_read>:
 8002b34:	4b02      	ldr	r3, [pc, #8]	@ (8002b40 <adc_regular_data_read+0xc>)
 8002b36:	f8d3 044c 	ldr.w	r0, [r3, #1100]	@ 0x44c
 8002b3a:	b280      	uxth	r0, r0
 8002b3c:	4770      	bx	lr
 8002b3e:	bf00      	nop
 8002b40:	40012000 	.word	0x40012000

08002b44 <adc_flag_get>:
 8002b44:	4b03      	ldr	r3, [pc, #12]	@ (8002b54 <adc_flag_get+0x10>)
 8002b46:	f8d3 3400 	ldr.w	r3, [r3, #1024]	@ 0x400
 8002b4a:	4018      	ands	r0, r3
 8002b4c:	3800      	subs	r0, #0
 8002b4e:	bf18      	it	ne
 8002b50:	2001      	movne	r0, #1
 8002b52:	4770      	bx	lr
 8002b54:	40012000 	.word	0x40012000

08002b58 <adc_flag_clear>:
 8002b58:	4a03      	ldr	r2, [pc, #12]	@ (8002b68 <adc_flag_clear+0x10>)
 8002b5a:	f8d2 3400 	ldr.w	r3, [r2, #1024]	@ 0x400
 8002b5e:	ea23 0300 	bic.w	r3, r3, r0
 8002b62:	f8c2 3400 	str.w	r3, [r2, #1024]	@ 0x400
 8002b66:	4770      	bx	lr
 8002b68:	40012000 	.word	0x40012000

08002b6c <exti_init>:
 8002b6c:	4b25      	ldr	r3, [pc, #148]	@ (8002c04 <exti_init+0x98>)
 8002b6e:	b530      	push	{r4, r5, lr}
 8002b70:	f8d3 5400 	ldr.w	r5, [r3, #1024]	@ 0x400
 8002b74:	43c4      	mvns	r4, r0
 8002b76:	ea25 0500 	bic.w	r5, r5, r0
 8002b7a:	f8c3 5400 	str.w	r5, [r3, #1024]	@ 0x400
 8002b7e:	f8d3 5404 	ldr.w	r5, [r3, #1028]	@ 0x404
 8002b82:	ea25 0500 	bic.w	r5, r5, r0
 8002b86:	f8c3 5404 	str.w	r5, [r3, #1028]	@ 0x404
 8002b8a:	f8d3 5408 	ldr.w	r5, [r3, #1032]	@ 0x408
 8002b8e:	ea25 0500 	bic.w	r5, r5, r0
 8002b92:	f8c3 5408 	str.w	r5, [r3, #1032]	@ 0x408
 8002b96:	f8d3 540c 	ldr.w	r5, [r3, #1036]	@ 0x40c
 8002b9a:	ea25 0500 	bic.w	r5, r5, r0
 8002b9e:	f8c3 540c 	str.w	r5, [r3, #1036]	@ 0x40c
 8002ba2:	b191      	cbz	r1, 8002bca <exti_init+0x5e>
 8002ba4:	2901      	cmp	r1, #1
 8002ba6:	d016      	beq.n	8002bd6 <exti_init+0x6a>
 8002ba8:	2a01      	cmp	r2, #1
 8002baa:	d01a      	beq.n	8002be2 <exti_init+0x76>
 8002bac:	2a02      	cmp	r2, #2
 8002bae:	d021      	beq.n	8002bf4 <exti_init+0x88>
 8002bb0:	b952      	cbnz	r2, 8002bc8 <exti_init+0x5c>
 8002bb2:	4b14      	ldr	r3, [pc, #80]	@ (8002c04 <exti_init+0x98>)
 8002bb4:	f8d3 2408 	ldr.w	r2, [r3, #1032]	@ 0x408
 8002bb8:	4302      	orrs	r2, r0
 8002bba:	f8c3 2408 	str.w	r2, [r3, #1032]	@ 0x408
 8002bbe:	f8d3 240c 	ldr.w	r2, [r3, #1036]	@ 0x40c
 8002bc2:	4022      	ands	r2, r4
 8002bc4:	f8c3 240c 	str.w	r2, [r3, #1036]	@ 0x40c
 8002bc8:	bd30      	pop	{r4, r5, pc}
 8002bca:	f8d3 1400 	ldr.w	r1, [r3, #1024]	@ 0x400
 8002bce:	4301      	orrs	r1, r0
 8002bd0:	f8c3 1400 	str.w	r1, [r3, #1024]	@ 0x400
 8002bd4:	e7e8      	b.n	8002ba8 <exti_init+0x3c>
 8002bd6:	f8d3 1404 	ldr.w	r1, [r3, #1028]	@ 0x404
 8002bda:	4301      	orrs	r1, r0
 8002bdc:	f8c3 1404 	str.w	r1, [r3, #1028]	@ 0x404
 8002be0:	e7e2      	b.n	8002ba8 <exti_init+0x3c>
 8002be2:	f8d3 2408 	ldr.w	r2, [r3, #1032]	@ 0x408
 8002be6:	4014      	ands	r4, r2
 8002be8:	f8c3 4408 	str.w	r4, [r3, #1032]	@ 0x408
 8002bec:	f8d3 240c 	ldr.w	r2, [r3, #1036]	@ 0x40c
 8002bf0:	4302      	orrs	r2, r0
 8002bf2:	e7e7      	b.n	8002bc4 <exti_init+0x58>
 8002bf4:	4b03      	ldr	r3, [pc, #12]	@ (8002c04 <exti_init+0x98>)
 8002bf6:	f8d3 2408 	ldr.w	r2, [r3, #1032]	@ 0x408
 8002bfa:	4302      	orrs	r2, r0
 8002bfc:	f8c3 2408 	str.w	r2, [r3, #1032]	@ 0x408
 8002c00:	e7f4      	b.n	8002bec <exti_init+0x80>
 8002c02:	bf00      	nop
 8002c04:	40010000 	.word	0x40010000

08002c08 <exti_interrupt_flag_get>:
 8002c08:	4602      	mov	r2, r0
 8002c0a:	4906      	ldr	r1, [pc, #24]	@ (8002c24 <exti_interrupt_flag_get+0x1c>)
 8002c0c:	f8d1 0414 	ldr.w	r0, [r1, #1044]	@ 0x414
 8002c10:	f8d1 1400 	ldr.w	r1, [r1, #1024]	@ 0x400
 8002c14:	4010      	ands	r0, r2
 8002c16:	d004      	beq.n	8002c22 <exti_interrupt_flag_get+0x1a>
 8002c18:	ea01 0302 	and.w	r3, r1, r2
 8002c1c:	1e18      	subs	r0, r3, #0
 8002c1e:	bf18      	it	ne
 8002c20:	2001      	movne	r0, #1
 8002c22:	4770      	bx	lr
 8002c24:	40010000 	.word	0x40010000

08002c28 <exti_interrupt_flag_clear>:
 8002c28:	4b01      	ldr	r3, [pc, #4]	@ (8002c30 <exti_interrupt_flag_clear+0x8>)
 8002c2a:	f8c3 0414 	str.w	r0, [r3, #1044]	@ 0x414
 8002c2e:	4770      	bx	lr
 8002c30:	40010000 	.word	0x40010000

08002c34 <fwdgt_enable>:
 8002c34:	f64c 42cc 	movw	r2, #52428	@ 0xcccc
 8002c38:	4b01      	ldr	r3, [pc, #4]	@ (8002c40 <fwdgt_enable+0xc>)
 8002c3a:	601a      	str	r2, [r3, #0]
 8002c3c:	4770      	bx	lr
 8002c3e:	bf00      	nop
 8002c40:	40003000 	.word	0x40003000

08002c44 <fwdgt_counter_reload>:
 8002c44:	f64a 22aa 	movw	r2, #43690	@ 0xaaaa
 8002c48:	4b01      	ldr	r3, [pc, #4]	@ (8002c50 <fwdgt_counter_reload+0xc>)
 8002c4a:	601a      	str	r2, [r3, #0]
 8002c4c:	4770      	bx	lr
 8002c4e:	bf00      	nop
 8002c50:	40003000 	.word	0x40003000

08002c54 <fwdgt_config>:
 8002c54:	f245 5355 	movw	r3, #21845	@ 0x5555
 8002c58:	4a11      	ldr	r2, [pc, #68]	@ (8002ca0 <fwdgt_config+0x4c>)
 8002c5a:	b510      	push	{r4, lr}
 8002c5c:	4c11      	ldr	r4, [pc, #68]	@ (8002ca4 <fwdgt_config+0x50>)
 8002c5e:	6013      	str	r3, [r2, #0]
 8002c60:	68d3      	ldr	r3, [r2, #12]
 8002c62:	3c01      	subs	r4, #1
 8002c64:	f003 0301 	and.w	r3, r3, #1
 8002c68:	d013      	beq.n	8002c92 <fwdgt_config+0x3e>
 8002c6a:	2b00      	cmp	r3, #0
 8002c6c:	d1f8      	bne.n	8002c60 <fwdgt_config+0xc>
 8002c6e:	6051      	str	r1, [r2, #4]
 8002c70:	490c      	ldr	r1, [pc, #48]	@ (8002ca4 <fwdgt_config+0x50>)
 8002c72:	4a0b      	ldr	r2, [pc, #44]	@ (8002ca0 <fwdgt_config+0x4c>)
 8002c74:	68d3      	ldr	r3, [r2, #12]
 8002c76:	3901      	subs	r1, #1
 8002c78:	f003 0302 	and.w	r3, r3, #2
 8002c7c:	d00d      	beq.n	8002c9a <fwdgt_config+0x46>
 8002c7e:	2b00      	cmp	r3, #0
 8002c80:	d1f8      	bne.n	8002c74 <fwdgt_config+0x20>
 8002c82:	f64a 23aa 	movw	r3, #43690	@ 0xaaaa
 8002c86:	f3c0 000b 	ubfx	r0, r0, #0, #12
 8002c8a:	6090      	str	r0, [r2, #8]
 8002c8c:	2001      	movs	r0, #1
 8002c8e:	6013      	str	r3, [r2, #0]
 8002c90:	e002      	b.n	8002c98 <fwdgt_config+0x44>
 8002c92:	2b00      	cmp	r3, #0
 8002c94:	d0eb      	beq.n	8002c6e <fwdgt_config+0x1a>
 8002c96:	2000      	movs	r0, #0
 8002c98:	bd10      	pop	{r4, pc}
 8002c9a:	2b00      	cmp	r3, #0
 8002c9c:	d1fb      	bne.n	8002c96 <fwdgt_config+0x42>
 8002c9e:	e7f0      	b.n	8002c82 <fwdgt_config+0x2e>
 8002ca0:	40003000 	.word	0x40003000
 8002ca4:	000fffff 	.word	0x000fffff

08002ca8 <gpio_mode_set>:
 8002ca8:	e92d 43f0 	stmdb	sp!, {r4, r5, r6, r7, r8, r9, lr}
 8002cac:	2600      	movs	r6, #0
 8002cae:	f04f 0e01 	mov.w	lr, #1
 8002cb2:	f04f 0803 	mov.w	r8, #3
 8002cb6:	6805      	ldr	r5, [r0, #0]
 8002cb8:	68c4      	ldr	r4, [r0, #12]
 8002cba:	fa0e f706 	lsl.w	r7, lr, r6
 8002cbe:	421f      	tst	r7, r3
 8002cc0:	d00d      	beq.n	8002cde <gpio_mode_set+0x36>
 8002cc2:	0077      	lsls	r7, r6, #1
 8002cc4:	fa08 fc07 	lsl.w	ip, r8, r7
 8002cc8:	fa01 f907 	lsl.w	r9, r1, r7
 8002ccc:	ea25 050c 	bic.w	r5, r5, ip
 8002cd0:	ea24 040c 	bic.w	r4, r4, ip
 8002cd4:	fa02 f707 	lsl.w	r7, r2, r7
 8002cd8:	ea49 0505 	orr.w	r5, r9, r5
 8002cdc:	433c      	orrs	r4, r7
 8002cde:	3601      	adds	r6, #1
 8002ce0:	2e10      	cmp	r6, #16
 8002ce2:	d1ea      	bne.n	8002cba <gpio_mode_set+0x12>
 8002ce4:	6005      	str	r5, [r0, #0]
 8002ce6:	60c4      	str	r4, [r0, #12]
 8002ce8:	e8bd 83f0 	ldmia.w	sp!, {r4, r5, r6, r7, r8, r9, pc}

08002cec <gpio_output_options_set>:
 8002cec:	b5f0      	push	{r4, r5, r6, r7, lr}
 8002cee:	2400      	movs	r4, #0
 8002cf0:	2601      	movs	r6, #1
 8002cf2:	2703      	movs	r7, #3
 8002cf4:	2901      	cmp	r1, #1
 8002cf6:	6841      	ldr	r1, [r0, #4]
 8002cf8:	bf0c      	ite	eq
 8002cfa:	4319      	orreq	r1, r3
 8002cfc:	4399      	bicne	r1, r3
 8002cfe:	6041      	str	r1, [r0, #4]
 8002d00:	6881      	ldr	r1, [r0, #8]
 8002d02:	fa06 f504 	lsl.w	r5, r6, r4
 8002d06:	421d      	tst	r5, r3
 8002d08:	d007      	beq.n	8002d1a <gpio_output_options_set+0x2e>
 8002d0a:	0065      	lsls	r5, r4, #1
 8002d0c:	fa07 fc05 	lsl.w	ip, r7, r5
 8002d10:	ea21 010c 	bic.w	r1, r1, ip
 8002d14:	fa02 f505 	lsl.w	r5, r2, r5
 8002d18:	4329      	orrs	r1, r5
 8002d1a:	3401      	adds	r4, #1
 8002d1c:	2c10      	cmp	r4, #16
 8002d1e:	d1f0      	bne.n	8002d02 <gpio_output_options_set+0x16>
 8002d20:	6081      	str	r1, [r0, #8]
 8002d22:	bdf0      	pop	{r4, r5, r6, r7, pc}

08002d24 <gpio_bit_set>:
 8002d24:	6181      	str	r1, [r0, #24]
 8002d26:	4770      	bx	lr

08002d28 <gpio_bit_reset>:
 8002d28:	6281      	str	r1, [r0, #40]	@ 0x28
 8002d2a:	4770      	bx	lr

08002d2c <gpio_input_bit_get>:
 8002d2c:	6900      	ldr	r0, [r0, #16]
 8002d2e:	4008      	ands	r0, r1
 8002d30:	3800      	subs	r0, #0
 8002d32:	bf18      	it	ne
 8002d34:	2001      	movne	r0, #1
 8002d36:	4770      	bx	lr

08002d38 <gpio_af_set>:
 8002d38:	b5f0      	push	{r4, r5, r6, r7, lr}
 8002d3a:	2300      	movs	r3, #0
 8002d3c:	f04f 0c01 	mov.w	ip, #1
 8002d40:	f04f 0e0f 	mov.w	lr, #15
 8002d44:	6a06      	ldr	r6, [r0, #32]
 8002d46:	6a45      	ldr	r5, [r0, #36]	@ 0x24
 8002d48:	fa0c f403 	lsl.w	r4, ip, r3
 8002d4c:	4214      	tst	r4, r2
 8002d4e:	d007      	beq.n	8002d60 <gpio_af_set+0x28>
 8002d50:	009c      	lsls	r4, r3, #2
 8002d52:	fa0e f704 	lsl.w	r7, lr, r4
 8002d56:	ea26 0607 	bic.w	r6, r6, r7
 8002d5a:	fa01 f404 	lsl.w	r4, r1, r4
 8002d5e:	4326      	orrs	r6, r4
 8002d60:	3301      	adds	r3, #1
 8002d62:	2b08      	cmp	r3, #8
 8002d64:	d1f0      	bne.n	8002d48 <gpio_af_set+0x10>
 8002d66:	2300      	movs	r3, #0
 8002d68:	f04f 0c01 	mov.w	ip, #1
 8002d6c:	f04f 0e0f 	mov.w	lr, #15
 8002d70:	f103 0408 	add.w	r4, r3, #8
 8002d74:	fa0c f404 	lsl.w	r4, ip, r4
 8002d78:	4214      	tst	r4, r2
 8002d7a:	d007      	beq.n	8002d8c <gpio_af_set+0x54>
 8002d7c:	009c      	lsls	r4, r3, #2
 8002d7e:	fa0e f704 	lsl.w	r7, lr, r4
 8002d82:	ea25 0507 	bic.w	r5, r5, r7
 8002d86:	fa01 f404 	lsl.w	r4, r1, r4
 8002d8a:	4325      	orrs	r5, r4
 8002d8c:	3301      	adds	r3, #1
 8002d8e:	2b08      	cmp	r3, #8
 8002d90:	d1ee      	bne.n	8002d70 <gpio_af_set+0x38>
 8002d92:	6206      	str	r6, [r0, #32]
 8002d94:	6245      	str	r5, [r0, #36]	@ 0x24
 8002d96:	bdf0      	pop	{r4, r5, r6, r7, pc}

08002d98 <nvic_irq_enable>:
 8002d98:	b510      	push	{r4, lr}
 8002d9a:	4c1d      	ldr	r4, [pc, #116]	@ (8002e10 <nvic_irq_enable+0x78>)
 8002d9c:	68e3      	ldr	r3, [r4, #12]
 8002d9e:	f403 63e0 	and.w	r3, r3, #1792	@ 0x700
 8002da2:	f5b3 6fa0 	cmp.w	r3, #1280	@ 0x500
 8002da6:	d008      	beq.n	8002dba <nvic_irq_enable+0x22>
 8002da8:	d820      	bhi.n	8002dec <nvic_irq_enable+0x54>
 8002daa:	f5b3 7f40 	cmp.w	r3, #768	@ 0x300
 8002dae:	d026      	beq.n	8002dfe <nvic_irq_enable+0x66>
 8002db0:	f5b3 6f80 	cmp.w	r3, #1024	@ 0x400
 8002db4:	d026      	beq.n	8002e04 <nvic_irq_enable+0x6c>
 8002db6:	4b17      	ldr	r3, [pc, #92]	@ (8002e14 <nvic_irq_enable+0x7c>)
 8002db8:	60e3      	str	r3, [r4, #12]
 8002dba:	2302      	movs	r3, #2
 8002dbc:	461c      	mov	r4, r3
 8002dbe:	f1c4 0404 	rsb	r4, r4, #4
 8002dc2:	40a1      	lsls	r1, r4
 8002dc4:	f1c3 0404 	rsb	r4, r3, #4
 8002dc8:	230f      	movs	r3, #15
 8002dca:	40e3      	lsrs	r3, r4
 8002dcc:	4013      	ands	r3, r2
 8002dce:	430b      	orrs	r3, r1
 8002dd0:	4a11      	ldr	r2, [pc, #68]	@ (8002e18 <nvic_irq_enable+0x80>)
 8002dd2:	011b      	lsls	r3, r3, #4
 8002dd4:	1811      	adds	r1, r2, r0
 8002dd6:	b2db      	uxtb	r3, r3
 8002dd8:	f881 3300 	strb.w	r3, [r1, #768]	@ 0x300
 8002ddc:	2301      	movs	r3, #1
 8002dde:	0941      	lsrs	r1, r0, #5
 8002de0:	f000 001f 	and.w	r0, r0, #31
 8002de4:	4083      	lsls	r3, r0
 8002de6:	f842 3021 	str.w	r3, [r2, r1, lsl #2]
 8002dea:	bd10      	pop	{r4, pc}
 8002dec:	f5b3 6fc0 	cmp.w	r3, #1536	@ 0x600
 8002df0:	d00b      	beq.n	8002e0a <nvic_irq_enable+0x72>
 8002df2:	f5b3 6fe0 	cmp.w	r3, #1792	@ 0x700
 8002df6:	d1de      	bne.n	8002db6 <nvic_irq_enable+0x1e>
 8002df8:	2304      	movs	r3, #4
 8002dfa:	2400      	movs	r4, #0
 8002dfc:	e7df      	b.n	8002dbe <nvic_irq_enable+0x26>
 8002dfe:	2300      	movs	r3, #0
 8002e00:	2404      	movs	r4, #4
 8002e02:	e7dc      	b.n	8002dbe <nvic_irq_enable+0x26>
 8002e04:	2301      	movs	r3, #1
 8002e06:	2403      	movs	r4, #3
 8002e08:	e7d9      	b.n	8002dbe <nvic_irq_enable+0x26>
 8002e0a:	2303      	movs	r3, #3
 8002e0c:	2401      	movs	r4, #1
 8002e0e:	e7d6      	b.n	8002dbe <nvic_irq_enable+0x26>
 8002e10:	e000ed00 	.word	0xe000ed00
 8002e14:	05fa0500 	.word	0x05fa0500
 8002e18:	e000e100 	.word	0xe000e100

08002e1c <nvic_vector_table_set>:
 8002e1c:	f021 4160 	bic.w	r1, r1, #3758096384	@ 0xe0000000
 8002e20:	4b02      	ldr	r3, [pc, #8]	@ (8002e2c <nvic_vector_table_set+0x10>)
 8002e22:	f021 017f 	bic.w	r1, r1, #127	@ 0x7f
 8002e26:	4301      	orrs	r1, r0
 8002e28:	6099      	str	r1, [r3, #8]
 8002e2a:	4770      	bx	lr
 8002e2c:	e000ed00 	.word	0xe000ed00

08002e30 <rcu_periph_clock_enable>:
 8002e30:	2201      	movs	r2, #1
 8002e32:	0983      	lsrs	r3, r0, #6
 8002e34:	f103 4380 	add.w	r3, r3, #1073741824	@ 0x40000000
 8002e38:	f503 3304 	add.w	r3, r3, #135168	@ 0x21000
 8002e3c:	6819      	ldr	r1, [r3, #0]
 8002e3e:	f000 001f 	and.w	r0, r0, #31
 8002e42:	4082      	lsls	r2, r0
 8002e44:	430a      	orrs	r2, r1
 8002e46:	601a      	str	r2, [r3, #0]
 8002e48:	4770      	bx	lr

08002e4a <rcu_periph_clock_disable>:
 8002e4a:	2101      	movs	r1, #1
 8002e4c:	0983      	lsrs	r3, r0, #6
 8002e4e:	f103 4380 	add.w	r3, r3, #1073741824	@ 0x40000000
 8002e52:	f503 3304 	add.w	r3, r3, #135168	@ 0x21000
 8002e56:	681a      	ldr	r2, [r3, #0]
 8002e58:	f000 001f 	and.w	r0, r0, #31
 8002e5c:	4081      	lsls	r1, r0
 8002e5e:	ea22 0201 	bic.w	r2, r2, r1
 8002e62:	601a      	str	r2, [r3, #0]
 8002e64:	4770      	bx	lr

08002e66 <rcu_periph_reset_enable>:
 8002e66:	f7ff bfe3 	b.w	8002e30 <rcu_periph_clock_enable>

08002e6a <rcu_periph_reset_disable>:
 8002e6a:	f7ff bfee 	b.w	8002e4a <rcu_periph_clock_disable>
	...

08002e70 <rcu_adc_clock_config>:
 8002e70:	4b13      	ldr	r3, [pc, #76]	@ (8002ec0 <rcu_adc_clock_config+0x50>)
 8002e72:	685a      	ldr	r2, [r3, #4]
 8002e74:	f422 4240 	bic.w	r2, r2, #49152	@ 0xc000
 8002e78:	605a      	str	r2, [r3, #4]
 8002e7a:	6b1a      	ldr	r2, [r3, #48]	@ 0x30
 8002e7c:	f422 7280 	bic.w	r2, r2, #256	@ 0x100
 8002e80:	631a      	str	r2, [r3, #48]	@ 0x30
 8002e82:	2804      	cmp	r0, #4
 8002e84:	d808      	bhi.n	8002e98 <rcu_adc_clock_config+0x28>
 8002e86:	e8df f000 	tbb	[pc, r0]
 8002e8a:	0803      	.short	0x0803
 8002e8c:	120e      	.short	0x120e
 8002e8e:	16          	.byte	0x16
 8002e8f:	00          	.byte	0x00
 8002e90:	6b1a      	ldr	r2, [r3, #48]	@ 0x30
 8002e92:	f422 7280 	bic.w	r2, r2, #256	@ 0x100
 8002e96:	631a      	str	r2, [r3, #48]	@ 0x30
 8002e98:	4770      	bx	lr
 8002e9a:	685a      	ldr	r2, [r3, #4]
 8002e9c:	605a      	str	r2, [r3, #4]
 8002e9e:	6b1a      	ldr	r2, [r3, #48]	@ 0x30
 8002ea0:	f442 7280 	orr.w	r2, r2, #256	@ 0x100
 8002ea4:	e7f7      	b.n	8002e96 <rcu_adc_clock_config+0x26>
 8002ea6:	685a      	ldr	r2, [r3, #4]
 8002ea8:	f442 4280 	orr.w	r2, r2, #16384	@ 0x4000
 8002eac:	e7f6      	b.n	8002e9c <rcu_adc_clock_config+0x2c>
 8002eae:	685a      	ldr	r2, [r3, #4]
 8002eb0:	f442 4200 	orr.w	r2, r2, #32768	@ 0x8000
 8002eb4:	e7f2      	b.n	8002e9c <rcu_adc_clock_config+0x2c>
 8002eb6:	685a      	ldr	r2, [r3, #4]
 8002eb8:	f442 4240 	orr.w	r2, r2, #49152	@ 0xc000
 8002ebc:	e7ee      	b.n	8002e9c <rcu_adc_clock_config+0x2c>
 8002ebe:	bf00      	nop
 8002ec0:	40021000 	.word	0x40021000

08002ec4 <rcu_flag_get>:
 8002ec4:	0983      	lsrs	r3, r0, #6
 8002ec6:	f103 4380 	add.w	r3, r3, #1073741824	@ 0x40000000
 8002eca:	f503 3304 	add.w	r3, r3, #135168	@ 0x21000
 8002ece:	681b      	ldr	r3, [r3, #0]
 8002ed0:	f000 001f 	and.w	r0, r0, #31
 8002ed4:	fa23 f000 	lsr.w	r0, r3, r0
 8002ed8:	f000 0001 	and.w	r0, r0, #1
 8002edc:	4770      	bx	lr
	...

08002ee0 <rcu_all_reset_flag_clear>:
 8002ee0:	4a02      	ldr	r2, [pc, #8]	@ (8002eec <rcu_all_reset_flag_clear+0xc>)
 8002ee2:	6a53      	ldr	r3, [r2, #36]	@ 0x24
 8002ee4:	f043 7380 	orr.w	r3, r3, #16777216	@ 0x1000000
 8002ee8:	6253      	str	r3, [r2, #36]	@ 0x24
 8002eea:	4770      	bx	lr
 8002eec:	40021000 	.word	0x40021000

08002ef0 <rcu_clock_freq_get>:
 8002ef0:	4b4b      	ldr	r3, [pc, #300]	@ (8003020 <rcu_clock_freq_get+0x130>)
 8002ef2:	b5f0      	push	{r4, r5, r6, r7, lr}
 8002ef4:	4605      	mov	r5, r0
 8002ef6:	461f      	mov	r7, r3
 8002ef8:	b089      	sub	sp, #36	@ 0x24
 8002efa:	ac04      	add	r4, sp, #16
 8002efc:	f103 0610 	add.w	r6, r3, #16
 8002f00:	4622      	mov	r2, r4
 8002f02:	6818      	ldr	r0, [r3, #0]
 8002f04:	6859      	ldr	r1, [r3, #4]
 8002f06:	3308      	adds	r3, #8
 8002f08:	c203      	stmia	r2!, {r0, r1}
 8002f0a:	42b3      	cmp	r3, r6
 8002f0c:	4614      	mov	r4, r2
 8002f0e:	d1f7      	bne.n	8002f00 <rcu_clock_freq_get+0x10>
 8002f10:	466b      	mov	r3, sp
 8002f12:	6938      	ldr	r0, [r7, #16]
 8002f14:	6871      	ldr	r1, [r6, #4]
 8002f16:	4a43      	ldr	r2, [pc, #268]	@ (8003024 <rcu_clock_freq_get+0x134>)
 8002f18:	c303      	stmia	r3!, {r0, r1}
 8002f1a:	c303      	stmia	r3!, {r0, r1}
 8002f1c:	6853      	ldr	r3, [r2, #4]
 8002f1e:	f003 030c 	and.w	r3, r3, #12
 8002f22:	2b08      	cmp	r3, #8
 8002f24:	d12f      	bne.n	8002f86 <rcu_clock_freq_get+0x96>
 8002f26:	6850      	ldr	r0, [r2, #4]
 8002f28:	6853      	ldr	r3, [r2, #4]
 8002f2a:	f3c0 4083 	ubfx	r0, r0, #18, #4
 8002f2e:	011e      	lsls	r6, r3, #4
 8002f30:	6853      	ldr	r3, [r2, #4]
 8002f32:	bf4c      	ite	mi
 8002f34:	3011      	addmi	r0, #17
 8002f36:	3002      	addpl	r0, #2
 8002f38:	03dc      	lsls	r4, r3, #15
 8002f3a:	bf41      	itttt	mi
 8002f3c:	6ad3      	ldrmi	r3, [r2, #44]	@ 0x2c
 8002f3e:	493a      	ldrmi	r1, [pc, #232]	@ (8003028 <rcu_clock_freq_get+0x138>)
 8002f40:	f003 030f 	andmi.w	r3, r3, #15
 8002f44:	3301      	addmi	r3, #1
 8002f46:	bf4c      	ite	mi
 8002f48:	fbb1 f3f3 	udivmi	r3, r1, r3
 8002f4c:	4b37      	ldrpl	r3, [pc, #220]	@ (800302c <rcu_clock_freq_get+0x13c>)
 8002f4e:	4358      	muls	r0, r3
 8002f50:	6853      	ldr	r3, [r2, #4]
 8002f52:	6854      	ldr	r4, [r2, #4]
 8002f54:	f3c3 1303 	ubfx	r3, r3, #4, #4
 8002f58:	3320      	adds	r3, #32
 8002f5a:	446b      	add	r3, sp
 8002f5c:	f813 1c10 	ldrb.w	r1, [r3, #-16]
 8002f60:	6853      	ldr	r3, [r2, #4]
 8002f62:	fa20 f101 	lsr.w	r1, r0, r1
 8002f66:	f3c3 23c2 	ubfx	r3, r3, #11, #3
 8002f6a:	3320      	adds	r3, #32
 8002f6c:	446b      	add	r3, sp
 8002f6e:	f813 3c18 	ldrb.w	r3, [r3, #-24]
 8002f72:	fa21 f303 	lsr.w	r3, r1, r3
 8002f76:	2d06      	cmp	r5, #6
 8002f78:	d848      	bhi.n	800300c <rcu_clock_freq_get+0x11c>
 8002f7a:	e8df f005 	tbb	[pc, r5]
 8002f7e:	0607      	.short	0x0607
 8002f80:	29144b09 	.word	0x29144b09
 8002f84:	32          	.byte	0x32
 8002f85:	00          	.byte	0x00
 8002f86:	4828      	ldr	r0, [pc, #160]	@ (8003028 <rcu_clock_freq_get+0x138>)
 8002f88:	e7e2      	b.n	8002f50 <rcu_clock_freq_get+0x60>
 8002f8a:	4608      	mov	r0, r1
 8002f8c:	b009      	add	sp, #36	@ 0x24
 8002f8e:	bdf0      	pop	{r4, r5, r6, r7, pc}
 8002f90:	f3c4 2402 	ubfx	r4, r4, #8, #3
 8002f94:	f104 0320 	add.w	r3, r4, #32
 8002f98:	eb0d 0403 	add.w	r4, sp, r3
 8002f9c:	f814 0c20 	ldrb.w	r0, [r4, #-32]
 8002fa0:	fa21 f000 	lsr.w	r0, r1, r0
 8002fa4:	e7f2      	b.n	8002f8c <rcu_clock_freq_get+0x9c>
 8002fa6:	6b11      	ldr	r1, [r2, #48]	@ 0x30
 8002fa8:	05c8      	lsls	r0, r1, #23
 8002faa:	d531      	bpl.n	8003010 <rcu_clock_freq_get+0x120>
 8002fac:	6852      	ldr	r2, [r2, #4]
 8002fae:	f3c2 3281 	ubfx	r2, r2, #14, #2
 8002fb2:	2a02      	cmp	r2, #2
 8002fb4:	d006      	beq.n	8002fc4 <rcu_clock_freq_get+0xd4>
 8002fb6:	2a03      	cmp	r2, #3
 8002fb8:	d008      	beq.n	8002fcc <rcu_clock_freq_get+0xdc>
 8002fba:	2a01      	cmp	r2, #1
 8002fbc:	bf14      	ite	ne
 8002fbe:	0858      	lsrne	r0, r3, #1
 8002fc0:	0898      	lsreq	r0, r3, #2
 8002fc2:	e7e3      	b.n	8002f8c <rcu_clock_freq_get+0x9c>
 8002fc4:	2006      	movs	r0, #6
 8002fc6:	fbb3 f0f0 	udiv	r0, r3, r0
 8002fca:	e7df      	b.n	8002f8c <rcu_clock_freq_get+0x9c>
 8002fcc:	08d8      	lsrs	r0, r3, #3
 8002fce:	e7dd      	b.n	8002f8c <rcu_clock_freq_get+0x9c>
 8002fd0:	6b13      	ldr	r3, [r2, #48]	@ 0x30
 8002fd2:	f248 0012 	movw	r0, #32786	@ 0x8012
 8002fd6:	f013 0f40 	tst.w	r3, #64	@ 0x40
 8002fda:	bf18      	it	ne
 8002fdc:	f44f 4000 	movne.w	r0, #32768	@ 0x8000
 8002fe0:	e7d4      	b.n	8002f8c <rcu_clock_freq_get+0x9c>
 8002fe2:	6b11      	ldr	r1, [r2, #48]	@ 0x30
 8002fe4:	0789      	lsls	r1, r1, #30
 8002fe6:	d015      	beq.n	8003014 <rcu_clock_freq_get+0x124>
 8002fe8:	6b13      	ldr	r3, [r2, #48]	@ 0x30
 8002fea:	f003 0303 	and.w	r3, r3, #3
 8002fee:	2b01      	cmp	r3, #1
 8002ff0:	d0cc      	beq.n	8002f8c <rcu_clock_freq_get+0x9c>
 8002ff2:	6b13      	ldr	r3, [r2, #48]	@ 0x30
 8002ff4:	f003 0303 	and.w	r3, r3, #3
 8002ff8:	2b02      	cmp	r3, #2
 8002ffa:	d00d      	beq.n	8003018 <rcu_clock_freq_get+0x128>
 8002ffc:	6b13      	ldr	r3, [r2, #48]	@ 0x30
 8002ffe:	480a      	ldr	r0, [pc, #40]	@ (8003028 <rcu_clock_freq_get+0x138>)
 8003000:	f003 0303 	and.w	r3, r3, #3
 8003004:	2b03      	cmp	r3, #3
 8003006:	bf18      	it	ne
 8003008:	2000      	movne	r0, #0
 800300a:	e7bf      	b.n	8002f8c <rcu_clock_freq_get+0x9c>
 800300c:	2000      	movs	r0, #0
 800300e:	e7bd      	b.n	8002f8c <rcu_clock_freq_get+0x9c>
 8003010:	4807      	ldr	r0, [pc, #28]	@ (8003030 <rcu_clock_freq_get+0x140>)
 8003012:	e7bb      	b.n	8002f8c <rcu_clock_freq_get+0x9c>
 8003014:	4618      	mov	r0, r3
 8003016:	e7b9      	b.n	8002f8c <rcu_clock_freq_get+0x9c>
 8003018:	f44f 4000 	mov.w	r0, #32768	@ 0x8000
 800301c:	e7b6      	b.n	8002f8c <rcu_clock_freq_get+0x9c>
 800301e:	bf00      	nop
 8003020:	0800370c 	.word	0x0800370c
 8003024:	40021000 	.word	0x40021000
 8003028:	007a1200 	.word	0x007a1200
 800302c:	003d0900 	.word	0x003d0900
 8003030:	00d59f80 	.word	0x00d59f80

08003034 <syscfg_exti_line_config>:
 8003034:	230f      	movs	r3, #15
 8003036:	f001 0203 	and.w	r2, r1, #3
 800303a:	0092      	lsls	r2, r2, #2
 800303c:	4093      	lsls	r3, r2
 800303e:	0889      	lsrs	r1, r1, #2
 8003040:	43db      	mvns	r3, r3
 8003042:	4090      	lsls	r0, r2
 8003044:	2903      	cmp	r1, #3
 8003046:	d822      	bhi.n	800308e <syscfg_exti_line_config+0x5a>
 8003048:	e8df f001 	tbb	[pc, r1]
 800304c:	1a120a02 	.word	0x1a120a02
 8003050:	4a0f      	ldr	r2, [pc, #60]	@ (8003090 <syscfg_exti_line_config+0x5c>)
 8003052:	6891      	ldr	r1, [r2, #8]
 8003054:	400b      	ands	r3, r1
 8003056:	6093      	str	r3, [r2, #8]
 8003058:	6893      	ldr	r3, [r2, #8]
 800305a:	4303      	orrs	r3, r0
 800305c:	6093      	str	r3, [r2, #8]
 800305e:	4770      	bx	lr
 8003060:	4a0b      	ldr	r2, [pc, #44]	@ (8003090 <syscfg_exti_line_config+0x5c>)
 8003062:	68d1      	ldr	r1, [r2, #12]
 8003064:	400b      	ands	r3, r1
 8003066:	60d3      	str	r3, [r2, #12]
 8003068:	68d3      	ldr	r3, [r2, #12]
 800306a:	4303      	orrs	r3, r0
 800306c:	60d3      	str	r3, [r2, #12]
 800306e:	4770      	bx	lr
 8003070:	4a07      	ldr	r2, [pc, #28]	@ (8003090 <syscfg_exti_line_config+0x5c>)
 8003072:	6911      	ldr	r1, [r2, #16]
 8003074:	400b      	ands	r3, r1
 8003076:	6113      	str	r3, [r2, #16]
 8003078:	6913      	ldr	r3, [r2, #16]
 800307a:	4303      	orrs	r3, r0
 800307c:	6113      	str	r3, [r2, #16]
 800307e:	4770      	bx	lr
 8003080:	4a03      	ldr	r2, [pc, #12]	@ (8003090 <syscfg_exti_line_config+0x5c>)
 8003082:	6951      	ldr	r1, [r2, #20]
 8003084:	400b      	ands	r3, r1
 8003086:	6153      	str	r3, [r2, #20]
 8003088:	6953      	ldr	r3, [r2, #20]
 800308a:	4303      	orrs	r3, r0
 800308c:	6153      	str	r3, [r2, #20]
 800308e:	4770      	bx	lr
 8003090:	40010000 	.word	0x40010000

08003094 <timer_deinit>:
 8003094:	b508      	push	{r3, lr}
 8003096:	4b2d      	ldr	r3, [pc, #180]	@ (800314c <timer_deinit+0xb8>)
 8003098:	4298      	cmp	r0, r3
 800309a:	d029      	beq.n	80030f0 <timer_deinit+0x5c>
 800309c:	d816      	bhi.n	80030cc <timer_deinit+0x38>
 800309e:	f5a3 338e 	sub.w	r3, r3, #72704	@ 0x11c00
 80030a2:	4298      	cmp	r0, r3
 80030a4:	d03c      	beq.n	8003120 <timer_deinit+0x8c>
 80030a6:	d807      	bhi.n	80030b8 <timer_deinit+0x24>
 80030a8:	f1b0 4f80 	cmp.w	r0, #1073741824	@ 0x40000000
 80030ac:	d02a      	beq.n	8003104 <timer_deinit+0x70>
 80030ae:	f5a3 6340 	sub.w	r3, r3, #3072	@ 0xc00
 80030b2:	4298      	cmp	r0, r3
 80030b4:	d02d      	beq.n	8003112 <timer_deinit+0x7e>
 80030b6:	bd08      	pop	{r3, pc}
 80030b8:	4b25      	ldr	r3, [pc, #148]	@ (8003150 <timer_deinit+0xbc>)
 80030ba:	4298      	cmp	r0, r3
 80030bc:	d1fb      	bne.n	80030b6 <timer_deinit+0x22>
 80030be:	f44f 6081 	mov.w	r0, #1032	@ 0x408
 80030c2:	f7ff fed0 	bl	8002e66 <rcu_periph_reset_enable>
 80030c6:	f44f 6081 	mov.w	r0, #1032	@ 0x408
 80030ca:	e017      	b.n	80030fc <timer_deinit+0x68>
 80030cc:	4b21      	ldr	r3, [pc, #132]	@ (8003154 <timer_deinit+0xc0>)
 80030ce:	4298      	cmp	r0, r3
 80030d0:	d02d      	beq.n	800312e <timer_deinit+0x9a>
 80030d2:	f503 6380 	add.w	r3, r3, #1024	@ 0x400
 80030d6:	4298      	cmp	r0, r3
 80030d8:	d030      	beq.n	800313c <timer_deinit+0xa8>
 80030da:	f5a3 6300 	sub.w	r3, r3, #2048	@ 0x800
 80030de:	4298      	cmp	r0, r3
 80030e0:	d1e9      	bne.n	80030b6 <timer_deinit+0x22>
 80030e2:	f44f 7044 	mov.w	r0, #784	@ 0x310
 80030e6:	f7ff febe 	bl	8002e66 <rcu_periph_reset_enable>
 80030ea:	f44f 7044 	mov.w	r0, #784	@ 0x310
 80030ee:	e005      	b.n	80030fc <timer_deinit+0x68>
 80030f0:	f240 300b 	movw	r0, #779	@ 0x30b
 80030f4:	f7ff feb7 	bl	8002e66 <rcu_periph_reset_enable>
 80030f8:	f240 300b 	movw	r0, #779	@ 0x30b
 80030fc:	e8bd 4008 	ldmia.w	sp!, {r3, lr}
 8003100:	f7ff beb3 	b.w	8002e6a <rcu_periph_reset_disable>
 8003104:	f44f 6080 	mov.w	r0, #1024	@ 0x400
 8003108:	f7ff fead 	bl	8002e66 <rcu_periph_reset_enable>
 800310c:	f44f 6080 	mov.w	r0, #1024	@ 0x400
 8003110:	e7f4      	b.n	80030fc <timer_deinit+0x68>
 8003112:	f240 4001 	movw	r0, #1025	@ 0x401
 8003116:	f7ff fea6 	bl	8002e66 <rcu_periph_reset_enable>
 800311a:	f240 4001 	movw	r0, #1025	@ 0x401
 800311e:	e7ed      	b.n	80030fc <timer_deinit+0x68>
 8003120:	f240 4004 	movw	r0, #1028	@ 0x404
 8003124:	f7ff fe9f 	bl	8002e66 <rcu_periph_reset_enable>
 8003128:	f240 4004 	movw	r0, #1028	@ 0x404
 800312c:	e7e6      	b.n	80030fc <timer_deinit+0x68>
 800312e:	f240 3011 	movw	r0, #785	@ 0x311
 8003132:	f7ff fe98 	bl	8002e66 <rcu_periph_reset_enable>
 8003136:	f240 3011 	movw	r0, #785	@ 0x311
 800313a:	e7df      	b.n	80030fc <timer_deinit+0x68>
 800313c:	f240 3012 	movw	r0, #786	@ 0x312
 8003140:	f7ff fe91 	bl	8002e66 <rcu_periph_reset_enable>
 8003144:	f240 3012 	movw	r0, #786	@ 0x312
 8003148:	e7d8      	b.n	80030fc <timer_deinit+0x68>
 800314a:	bf00      	nop
 800314c:	40012c00 	.word	0x40012c00
 8003150:	40002000 	.word	0x40002000
 8003154:	40014400 	.word	0x40014400

08003158 <timer_init>:
 8003158:	880b      	ldrh	r3, [r1, #0]
 800315a:	6283      	str	r3, [r0, #40]	@ 0x28
 800315c:	4b21      	ldr	r3, [pc, #132]	@ (80031e4 <timer_init+0x8c>)
 800315e:	4298      	cmp	r0, r3
 8003160:	d004      	beq.n	800316c <timer_init+0x14>
 8003162:	f420 6380 	bic.w	r3, r0, #1024	@ 0x400
 8003166:	f1b3 4f80 	cmp.w	r3, #1073741824	@ 0x40000000
 800316a:	d10b      	bne.n	8003184 <timer_init+0x2c>
 800316c:	6803      	ldr	r3, [r0, #0]
 800316e:	f023 0370 	bic.w	r3, r3, #112	@ 0x70
 8003172:	6003      	str	r3, [r0, #0]
 8003174:	6802      	ldr	r2, [r0, #0]
 8003176:	884b      	ldrh	r3, [r1, #2]
 8003178:	4313      	orrs	r3, r2
 800317a:	6003      	str	r3, [r0, #0]
 800317c:	6802      	ldr	r2, [r0, #0]
 800317e:	888b      	ldrh	r3, [r1, #4]
 8003180:	4313      	orrs	r3, r2
 8003182:	6003      	str	r3, [r0, #0]
 8003184:	688b      	ldr	r3, [r1, #8]
 8003186:	62c3      	str	r3, [r0, #44]	@ 0x2c
 8003188:	4b16      	ldr	r3, [pc, #88]	@ (80031e4 <timer_init+0x8c>)
 800318a:	4298      	cmp	r0, r3
 800318c:	d00e      	beq.n	80031ac <timer_init+0x54>
 800318e:	f420 6380 	bic.w	r3, r0, #1024	@ 0x400
 8003192:	f1b3 4f80 	cmp.w	r3, #1073741824	@ 0x40000000
 8003196:	d009      	beq.n	80031ac <timer_init+0x54>
 8003198:	4a13      	ldr	r2, [pc, #76]	@ (80031e8 <timer_init+0x90>)
 800319a:	4290      	cmp	r0, r2
 800319c:	d006      	beq.n	80031ac <timer_init+0x54>
 800319e:	f502 3290 	add.w	r2, r2, #73728	@ 0x12000
 80031a2:	4293      	cmp	r3, r2
 80031a4:	d002      	beq.n	80031ac <timer_init+0x54>
 80031a6:	4b11      	ldr	r3, [pc, #68]	@ (80031ec <timer_init+0x94>)
 80031a8:	4298      	cmp	r0, r3
 80031aa:	d116      	bne.n	80031da <timer_init+0x82>
 80031ac:	6803      	ldr	r3, [r0, #0]
 80031ae:	f423 7340 	bic.w	r3, r3, #768	@ 0x300
 80031b2:	6003      	str	r3, [r0, #0]
 80031b4:	6802      	ldr	r2, [r0, #0]
 80031b6:	88cb      	ldrh	r3, [r1, #6]
 80031b8:	4313      	orrs	r3, r2
 80031ba:	6003      	str	r3, [r0, #0]
 80031bc:	4b09      	ldr	r3, [pc, #36]	@ (80031e4 <timer_init+0x8c>)
 80031be:	4298      	cmp	r0, r3
 80031c0:	d009      	beq.n	80031d6 <timer_init+0x7e>
 80031c2:	f420 6280 	bic.w	r2, r0, #1024	@ 0x400
 80031c6:	f503 53a0 	add.w	r3, r3, #5120	@ 0x1400
 80031ca:	429a      	cmp	r2, r3
 80031cc:	d003      	beq.n	80031d6 <timer_init+0x7e>
 80031ce:	f503 6300 	add.w	r3, r3, #2048	@ 0x800
 80031d2:	4298      	cmp	r0, r3
 80031d4:	d101      	bne.n	80031da <timer_init+0x82>
 80031d6:	7b0b      	ldrb	r3, [r1, #12]
 80031d8:	6303      	str	r3, [r0, #48]	@ 0x30
 80031da:	6943      	ldr	r3, [r0, #20]
 80031dc:	f043 0301 	orr.w	r3, r3, #1
 80031e0:	6143      	str	r3, [r0, #20]
 80031e2:	4770      	bx	lr
 80031e4:	40012c00 	.word	0x40012c00
 80031e8:	40002000 	.word	0x40002000
 80031ec:	40014800 	.word	0x40014800

080031f0 <timer_enable>:
 80031f0:	6803      	ldr	r3, [r0, #0]
 80031f2:	f043 0301 	orr.w	r3, r3, #1
 80031f6:	6003      	str	r3, [r0, #0]
 80031f8:	4770      	bx	lr

080031fa <timer_auto_reload_shadow_disable>:
 80031fa:	6803      	ldr	r3, [r0, #0]
 80031fc:	f023 0380 	bic.w	r3, r3, #128	@ 0x80
 8003200:	6003      	str	r3, [r0, #0]
 8003202:	4770      	bx	lr

08003204 <timer_update_event_enable>:
 8003204:	6803      	ldr	r3, [r0, #0]
 8003206:	f023 0302 	bic.w	r3, r3, #2
 800320a:	6003      	str	r3, [r0, #0]
 800320c:	4770      	bx	lr

0800320e <timer_update_event_disable>:
 800320e:	6803      	ldr	r3, [r0, #0]
 8003210:	f043 0302 	orr.w	r3, r3, #2
 8003214:	6003      	str	r3, [r0, #0]
 8003216:	4770      	bx	lr

08003218 <timer_counter_read>:
 8003218:	6a40      	ldr	r0, [r0, #36]	@ 0x24
 800321a:	4770      	bx	lr

0800321c <timer_interrupt_enable>:
 800321c:	68c3      	ldr	r3, [r0, #12]
 800321e:	430b      	orrs	r3, r1
 8003220:	60c3      	str	r3, [r0, #12]
 8003222:	4770      	bx	lr

08003224 <timer_interrupt_flag_get>:
 8003224:	68c3      	ldr	r3, [r0, #12]
 8003226:	6900      	ldr	r0, [r0, #16]
 8003228:	4008      	ands	r0, r1
 800322a:	d003      	beq.n	8003234 <timer_interrupt_flag_get+0x10>
 800322c:	400b      	ands	r3, r1
 800322e:	1e18      	subs	r0, r3, #0
 8003230:	bf18      	it	ne
 8003232:	2001      	movne	r0, #1
 8003234:	4770      	bx	lr

08003236 <timer_interrupt_flag_clear>:
 8003236:	43c9      	mvns	r1, r1
 8003238:	6101      	str	r1, [r0, #16]
 800323a:	4770      	bx	lr

0800323c <timer_break_config>:
 800323c:	e9d1 3200 	ldrd	r3, r2, [r1]
 8003240:	4313      	orrs	r3, r2
 8003242:	68ca      	ldr	r2, [r1, #12]
 8003244:	4313      	orrs	r3, r2
 8003246:	690a      	ldr	r2, [r1, #16]
 8003248:	4313      	orrs	r3, r2
 800324a:	694a      	ldr	r2, [r1, #20]
 800324c:	4313      	orrs	r3, r2
 800324e:	890a      	ldrh	r2, [r1, #8]
 8003250:	4313      	orrs	r3, r2
 8003252:	894a      	ldrh	r2, [r1, #10]
 8003254:	4313      	orrs	r3, r2
 8003256:	6443      	str	r3, [r0, #68]	@ 0x44
 8003258:	4770      	bx	lr

0800325a <timer_primary_output_config>:
 800325a:	6c43      	ldr	r3, [r0, #68]	@ 0x44
 800325c:	2901      	cmp	r1, #1
 800325e:	bf0c      	ite	eq
 8003260:	f443 4300 	orreq.w	r3, r3, #32768	@ 0x8000
 8003264:	f423 4300 	bicne.w	r3, r3, #32768	@ 0x8000
 8003268:	6443      	str	r3, [r0, #68]	@ 0x44
 800326a:	4770      	bx	lr

0800326c <timer_channel_output_config>:
 800326c:	2903      	cmp	r1, #3
 800326e:	f200 8085 	bhi.w	800337c <timer_channel_output_config+0x110>
 8003272:	e8df f011 	tbh	[pc, r1, lsl #1]
 8003276:	0004      	.short	0x0004
 8003278:	00900046 	.word	0x00900046
 800327c:	00cd      	.short	0x00cd
 800327e:	6a03      	ldr	r3, [r0, #32]
 8003280:	f023 0301 	bic.w	r3, r3, #1
 8003284:	6203      	str	r3, [r0, #32]
 8003286:	6983      	ldr	r3, [r0, #24]
 8003288:	f023 0303 	bic.w	r3, r3, #3
 800328c:	6183      	str	r3, [r0, #24]
 800328e:	6a03      	ldr	r3, [r0, #32]
 8003290:	6811      	ldr	r1, [r2, #0]
 8003292:	430b      	orrs	r3, r1
 8003294:	6203      	str	r3, [r0, #32]
 8003296:	6a03      	ldr	r3, [r0, #32]
 8003298:	f023 0302 	bic.w	r3, r3, #2
 800329c:	6203      	str	r3, [r0, #32]
 800329e:	6a01      	ldr	r1, [r0, #32]
 80032a0:	88d3      	ldrh	r3, [r2, #6]
 80032a2:	430b      	orrs	r3, r1
 80032a4:	6203      	str	r3, [r0, #32]
 80032a6:	4b6b      	ldr	r3, [pc, #428]	@ (8003454 <timer_channel_output_config+0x1e8>)
 80032a8:	4298      	cmp	r0, r3
 80032aa:	d009      	beq.n	80032c0 <timer_channel_output_config+0x54>
 80032ac:	f420 6180 	bic.w	r1, r0, #1024	@ 0x400
 80032b0:	f503 53a0 	add.w	r3, r3, #5120	@ 0x1400
 80032b4:	4299      	cmp	r1, r3
 80032b6:	d003      	beq.n	80032c0 <timer_channel_output_config+0x54>
 80032b8:	f503 6300 	add.w	r3, r3, #2048	@ 0x800
 80032bc:	4298      	cmp	r0, r3
 80032be:	d15d      	bne.n	800337c <timer_channel_output_config+0x110>
 80032c0:	6a03      	ldr	r3, [r0, #32]
 80032c2:	f023 0304 	bic.w	r3, r3, #4
 80032c6:	6203      	str	r3, [r0, #32]
 80032c8:	6a01      	ldr	r1, [r0, #32]
 80032ca:	8893      	ldrh	r3, [r2, #4]
 80032cc:	430b      	orrs	r3, r1
 80032ce:	6203      	str	r3, [r0, #32]
 80032d0:	6a03      	ldr	r3, [r0, #32]
 80032d2:	f023 0308 	bic.w	r3, r3, #8
 80032d6:	6203      	str	r3, [r0, #32]
 80032d8:	6a01      	ldr	r1, [r0, #32]
 80032da:	8913      	ldrh	r3, [r2, #8]
 80032dc:	430b      	orrs	r3, r1
 80032de:	6203      	str	r3, [r0, #32]
 80032e0:	6843      	ldr	r3, [r0, #4]
 80032e2:	f423 7380 	bic.w	r3, r3, #256	@ 0x100
 80032e6:	6043      	str	r3, [r0, #4]
 80032e8:	6841      	ldr	r1, [r0, #4]
 80032ea:	8953      	ldrh	r3, [r2, #10]
 80032ec:	430b      	orrs	r3, r1
 80032ee:	6043      	str	r3, [r0, #4]
 80032f0:	6843      	ldr	r3, [r0, #4]
 80032f2:	f423 7300 	bic.w	r3, r3, #512	@ 0x200
 80032f6:	6043      	str	r3, [r0, #4]
 80032f8:	6841      	ldr	r1, [r0, #4]
 80032fa:	8993      	ldrh	r3, [r2, #12]
 80032fc:	430b      	orrs	r3, r1
 80032fe:	6043      	str	r3, [r0, #4]
 8003300:	4770      	bx	lr
 8003302:	6a03      	ldr	r3, [r0, #32]
 8003304:	f023 0310 	bic.w	r3, r3, #16
 8003308:	6203      	str	r3, [r0, #32]
 800330a:	6983      	ldr	r3, [r0, #24]
 800330c:	f423 7340 	bic.w	r3, r3, #768	@ 0x300
 8003310:	6183      	str	r3, [r0, #24]
 8003312:	6a03      	ldr	r3, [r0, #32]
 8003314:	6811      	ldr	r1, [r2, #0]
 8003316:	ea43 1301 	orr.w	r3, r3, r1, lsl #4
 800331a:	6203      	str	r3, [r0, #32]
 800331c:	6a03      	ldr	r3, [r0, #32]
 800331e:	88d1      	ldrh	r1, [r2, #6]
 8003320:	f023 0320 	bic.w	r3, r3, #32
 8003324:	6203      	str	r3, [r0, #32]
 8003326:	6a03      	ldr	r3, [r0, #32]
 8003328:	ea43 1301 	orr.w	r3, r3, r1, lsl #4
 800332c:	6203      	str	r3, [r0, #32]
 800332e:	4b49      	ldr	r3, [pc, #292]	@ (8003454 <timer_channel_output_config+0x1e8>)
 8003330:	4298      	cmp	r0, r3
 8003332:	d124      	bne.n	800337e <timer_channel_output_config+0x112>
 8003334:	6a19      	ldr	r1, [r3, #32]
 8003336:	8890      	ldrh	r0, [r2, #4]
 8003338:	f021 0140 	bic.w	r1, r1, #64	@ 0x40
 800333c:	6219      	str	r1, [r3, #32]
 800333e:	6a19      	ldr	r1, [r3, #32]
 8003340:	ea41 1100 	orr.w	r1, r1, r0, lsl #4
 8003344:	6219      	str	r1, [r3, #32]
 8003346:	6a19      	ldr	r1, [r3, #32]
 8003348:	8910      	ldrh	r0, [r2, #8]
 800334a:	f021 0180 	bic.w	r1, r1, #128	@ 0x80
 800334e:	6219      	str	r1, [r3, #32]
 8003350:	6a19      	ldr	r1, [r3, #32]
 8003352:	ea41 1100 	orr.w	r1, r1, r0, lsl #4
 8003356:	6219      	str	r1, [r3, #32]
 8003358:	6859      	ldr	r1, [r3, #4]
 800335a:	8950      	ldrh	r0, [r2, #10]
 800335c:	f421 6180 	bic.w	r1, r1, #1024	@ 0x400
 8003360:	6059      	str	r1, [r3, #4]
 8003362:	6859      	ldr	r1, [r3, #4]
 8003364:	8992      	ldrh	r2, [r2, #12]
 8003366:	ea41 0180 	orr.w	r1, r1, r0, lsl #2
 800336a:	6059      	str	r1, [r3, #4]
 800336c:	6859      	ldr	r1, [r3, #4]
 800336e:	f421 6100 	bic.w	r1, r1, #2048	@ 0x800
 8003372:	6059      	str	r1, [r3, #4]
 8003374:	6859      	ldr	r1, [r3, #4]
 8003376:	ea41 0282 	orr.w	r2, r1, r2, lsl #2
 800337a:	605a      	str	r2, [r3, #4]
 800337c:	4770      	bx	lr
 800337e:	4b36      	ldr	r3, [pc, #216]	@ (8003458 <timer_channel_output_config+0x1ec>)
 8003380:	4298      	cmp	r0, r3
 8003382:	d1fb      	bne.n	800337c <timer_channel_output_config+0x110>
 8003384:	6843      	ldr	r3, [r0, #4]
 8003386:	8952      	ldrh	r2, [r2, #10]
 8003388:	f423 6380 	bic.w	r3, r3, #1024	@ 0x400
 800338c:	6043      	str	r3, [r0, #4]
 800338e:	6843      	ldr	r3, [r0, #4]
 8003390:	ea43 0382 	orr.w	r3, r3, r2, lsl #2
 8003394:	e7b3      	b.n	80032fe <timer_channel_output_config+0x92>
 8003396:	6a03      	ldr	r3, [r0, #32]
 8003398:	f423 7380 	bic.w	r3, r3, #256	@ 0x100
 800339c:	6203      	str	r3, [r0, #32]
 800339e:	69c3      	ldr	r3, [r0, #28]
 80033a0:	f023 0303 	bic.w	r3, r3, #3
 80033a4:	61c3      	str	r3, [r0, #28]
 80033a6:	6a03      	ldr	r3, [r0, #32]
 80033a8:	6811      	ldr	r1, [r2, #0]
 80033aa:	ea43 2301 	orr.w	r3, r3, r1, lsl #8
 80033ae:	6203      	str	r3, [r0, #32]
 80033b0:	6a03      	ldr	r3, [r0, #32]
 80033b2:	88d1      	ldrh	r1, [r2, #6]
 80033b4:	f423 7300 	bic.w	r3, r3, #512	@ 0x200
 80033b8:	6203      	str	r3, [r0, #32]
 80033ba:	6a03      	ldr	r3, [r0, #32]
 80033bc:	ea43 2301 	orr.w	r3, r3, r1, lsl #8
 80033c0:	6203      	str	r3, [r0, #32]
 80033c2:	4b24      	ldr	r3, [pc, #144]	@ (8003454 <timer_channel_output_config+0x1e8>)
 80033c4:	4298      	cmp	r0, r3
 80033c6:	d1d9      	bne.n	800337c <timer_channel_output_config+0x110>
 80033c8:	6a19      	ldr	r1, [r3, #32]
 80033ca:	8890      	ldrh	r0, [r2, #4]
 80033cc:	f421 6180 	bic.w	r1, r1, #1024	@ 0x400
 80033d0:	6219      	str	r1, [r3, #32]
 80033d2:	6a19      	ldr	r1, [r3, #32]
 80033d4:	ea41 2100 	orr.w	r1, r1, r0, lsl #8
 80033d8:	6219      	str	r1, [r3, #32]
 80033da:	6a19      	ldr	r1, [r3, #32]
 80033dc:	8910      	ldrh	r0, [r2, #8]
 80033de:	f421 6100 	bic.w	r1, r1, #2048	@ 0x800
 80033e2:	6219      	str	r1, [r3, #32]
 80033e4:	6a19      	ldr	r1, [r3, #32]
 80033e6:	ea41 2100 	orr.w	r1, r1, r0, lsl #8
 80033ea:	6219      	str	r1, [r3, #32]
 80033ec:	6859      	ldr	r1, [r3, #4]
 80033ee:	8950      	ldrh	r0, [r2, #10]
 80033f0:	f421 5180 	bic.w	r1, r1, #4096	@ 0x1000
 80033f4:	6059      	str	r1, [r3, #4]
 80033f6:	6859      	ldr	r1, [r3, #4]
 80033f8:	8992      	ldrh	r2, [r2, #12]
 80033fa:	ea41 1100 	orr.w	r1, r1, r0, lsl #4
 80033fe:	6059      	str	r1, [r3, #4]
 8003400:	6859      	ldr	r1, [r3, #4]
 8003402:	f421 5100 	bic.w	r1, r1, #8192	@ 0x2000
 8003406:	6059      	str	r1, [r3, #4]
 8003408:	6859      	ldr	r1, [r3, #4]
 800340a:	ea41 1202 	orr.w	r2, r1, r2, lsl #4
 800340e:	e7b4      	b.n	800337a <timer_channel_output_config+0x10e>
 8003410:	6a03      	ldr	r3, [r0, #32]
 8003412:	f423 5380 	bic.w	r3, r3, #4096	@ 0x1000
 8003416:	6203      	str	r3, [r0, #32]
 8003418:	69c3      	ldr	r3, [r0, #28]
 800341a:	f423 7340 	bic.w	r3, r3, #768	@ 0x300
 800341e:	61c3      	str	r3, [r0, #28]
 8003420:	6a03      	ldr	r3, [r0, #32]
 8003422:	6811      	ldr	r1, [r2, #0]
 8003424:	ea43 3301 	orr.w	r3, r3, r1, lsl #12
 8003428:	6203      	str	r3, [r0, #32]
 800342a:	6a03      	ldr	r3, [r0, #32]
 800342c:	88d1      	ldrh	r1, [r2, #6]
 800342e:	f423 5300 	bic.w	r3, r3, #8192	@ 0x2000
 8003432:	6203      	str	r3, [r0, #32]
 8003434:	6a03      	ldr	r3, [r0, #32]
 8003436:	ea43 3301 	orr.w	r3, r3, r1, lsl #12
 800343a:	6203      	str	r3, [r0, #32]
 800343c:	4b05      	ldr	r3, [pc, #20]	@ (8003454 <timer_channel_output_config+0x1e8>)
 800343e:	4298      	cmp	r0, r3
 8003440:	d19c      	bne.n	800337c <timer_channel_output_config+0x110>
 8003442:	6859      	ldr	r1, [r3, #4]
 8003444:	8952      	ldrh	r2, [r2, #10]
 8003446:	f421 4180 	bic.w	r1, r1, #16384	@ 0x4000
 800344a:	6059      	str	r1, [r3, #4]
 800344c:	6859      	ldr	r1, [r3, #4]
 800344e:	ea41 1282 	orr.w	r2, r1, r2, lsl #6
 8003452:	e792      	b.n	800337a <timer_channel_output_config+0x10e>
 8003454:	40012c00 	.word	0x40012c00
 8003458:	40014000 	.word	0x40014000

0800345c <timer_channel_output_mode_config>:
 800345c:	2903      	cmp	r1, #3
 800345e:	d81a      	bhi.n	8003496 <timer_channel_output_mode_config+0x3a>
 8003460:	e8df f001 	tbb	[pc, r1]
 8003464:	1a120a02 	.word	0x1a120a02
 8003468:	6983      	ldr	r3, [r0, #24]
 800346a:	f023 0370 	bic.w	r3, r3, #112	@ 0x70
 800346e:	6183      	str	r3, [r0, #24]
 8003470:	6983      	ldr	r3, [r0, #24]
 8003472:	4313      	orrs	r3, r2
 8003474:	6183      	str	r3, [r0, #24]
 8003476:	4770      	bx	lr
 8003478:	6983      	ldr	r3, [r0, #24]
 800347a:	f423 43e0 	bic.w	r3, r3, #28672	@ 0x7000
 800347e:	6183      	str	r3, [r0, #24]
 8003480:	6983      	ldr	r3, [r0, #24]
 8003482:	ea43 2302 	orr.w	r3, r3, r2, lsl #8
 8003486:	e7f5      	b.n	8003474 <timer_channel_output_mode_config+0x18>
 8003488:	69c3      	ldr	r3, [r0, #28]
 800348a:	f023 0370 	bic.w	r3, r3, #112	@ 0x70
 800348e:	61c3      	str	r3, [r0, #28]
 8003490:	69c3      	ldr	r3, [r0, #28]
 8003492:	4313      	orrs	r3, r2
 8003494:	61c3      	str	r3, [r0, #28]
 8003496:	4770      	bx	lr
 8003498:	69c3      	ldr	r3, [r0, #28]
 800349a:	f423 43e0 	bic.w	r3, r3, #28672	@ 0x7000
 800349e:	61c3      	str	r3, [r0, #28]
 80034a0:	69c3      	ldr	r3, [r0, #28]
 80034a2:	ea43 2302 	orr.w	r3, r3, r2, lsl #8
 80034a6:	e7f5      	b.n	8003494 <timer_channel_output_mode_config+0x38>

080034a8 <timer_channel_output_pulse_value_config>:
 80034a8:	2903      	cmp	r1, #3
 80034aa:	d80a      	bhi.n	80034c2 <timer_channel_output_pulse_value_config+0x1a>
 80034ac:	e8df f001 	tbb	[pc, r1]
 80034b0:	08060402 	.word	0x08060402
 80034b4:	6342      	str	r2, [r0, #52]	@ 0x34
 80034b6:	4770      	bx	lr
 80034b8:	6382      	str	r2, [r0, #56]	@ 0x38
 80034ba:	4770      	bx	lr
 80034bc:	63c2      	str	r2, [r0, #60]	@ 0x3c
 80034be:	4770      	bx	lr
 80034c0:	6402      	str	r2, [r0, #64]	@ 0x40
 80034c2:	4770      	bx	lr

080034c4 <timer_channel_output_shadow_config>:
 80034c4:	2903      	cmp	r1, #3
 80034c6:	d81a      	bhi.n	80034fe <timer_channel_output_shadow_config+0x3a>
 80034c8:	e8df f001 	tbb	[pc, r1]
 80034cc:	1a120a02 	.word	0x1a120a02
 80034d0:	6983      	ldr	r3, [r0, #24]
 80034d2:	f023 0308 	bic.w	r3, r3, #8
 80034d6:	6183      	str	r3, [r0, #24]
 80034d8:	6983      	ldr	r3, [r0, #24]
 80034da:	4313      	orrs	r3, r2
 80034dc:	6183      	str	r3, [r0, #24]
 80034de:	4770      	bx	lr
 80034e0:	6983      	ldr	r3, [r0, #24]
 80034e2:	f423 6300 	bic.w	r3, r3, #2048	@ 0x800
 80034e6:	6183      	str	r3, [r0, #24]
 80034e8:	6983      	ldr	r3, [r0, #24]
 80034ea:	ea43 2302 	orr.w	r3, r3, r2, lsl #8
 80034ee:	e7f5      	b.n	80034dc <timer_channel_output_shadow_config+0x18>
 80034f0:	69c3      	ldr	r3, [r0, #28]
 80034f2:	f023 0308 	bic.w	r3, r3, #8
 80034f6:	61c3      	str	r3, [r0, #28]
 80034f8:	69c3      	ldr	r3, [r0, #28]
 80034fa:	4313      	orrs	r3, r2
 80034fc:	61c3      	str	r3, [r0, #28]
 80034fe:	4770      	bx	lr
 8003500:	69c3      	ldr	r3, [r0, #28]
 8003502:	f423 6300 	bic.w	r3, r3, #2048	@ 0x800
 8003506:	61c3      	str	r3, [r0, #28]
 8003508:	69c3      	ldr	r3, [r0, #28]
 800350a:	ea43 2302 	orr.w	r3, r3, r2, lsl #8
 800350e:	e7f5      	b.n	80034fc <timer_channel_output_shadow_config+0x38>

08003510 <timer_channel_output_fast_config>:
 8003510:	2903      	cmp	r1, #3
 8003512:	d81a      	bhi.n	800354a <timer_channel_output_fast_config+0x3a>
 8003514:	e8df f001 	tbb	[pc, r1]
 8003518:	1a120a02 	.word	0x1a120a02
 800351c:	6983      	ldr	r3, [r0, #24]
 800351e:	f023 0304 	bic.w	r3, r3, #4
 8003522:	6183      	str	r3, [r0, #24]
 8003524:	6983      	ldr	r3, [r0, #24]
 8003526:	4313      	orrs	r3, r2
 8003528:	6183      	str	r3, [r0, #24]
 800352a:	4770      	bx	lr
 800352c:	6983      	ldr	r3, [r0, #24]
 800352e:	f423 6380 	bic.w	r3, r3, #1024	@ 0x400
 8003532:	6183      	str	r3, [r0, #24]
 8003534:	6983      	ldr	r3, [r0, #24]
 8003536:	ea43 2302 	orr.w	r3, r3, r2, lsl #8
 800353a:	e7f5      	b.n	8003528 <timer_channel_output_fast_config+0x18>
 800353c:	69c3      	ldr	r3, [r0, #28]
 800353e:	f023 0304 	bic.w	r3, r3, #4
 8003542:	61c3      	str	r3, [r0, #28]
 8003544:	69c3      	ldr	r3, [r0, #28]
 8003546:	4313      	orrs	r3, r2
 8003548:	61c3      	str	r3, [r0, #28]
 800354a:	4770      	bx	lr
 800354c:	69c3      	ldr	r3, [r0, #28]
 800354e:	f423 6380 	bic.w	r3, r3, #1024	@ 0x400
 8003552:	61c3      	str	r3, [r0, #28]
 8003554:	69c3      	ldr	r3, [r0, #28]
 8003556:	ea43 2302 	orr.w	r3, r3, r2, lsl #8
 800355a:	e7f5      	b.n	8003548 <timer_channel_output_fast_config+0x38>

0800355c <timer_channel_output_state_config>:
 800355c:	2903      	cmp	r1, #3
 800355e:	d80a      	bhi.n	8003576 <timer_channel_output_state_config+0x1a>
 8003560:	e8df f001 	tbb	[pc, r1]
 8003564:	1a120a02 	.word	0x1a120a02
 8003568:	6a03      	ldr	r3, [r0, #32]
 800356a:	f023 0301 	bic.w	r3, r3, #1
 800356e:	6203      	str	r3, [r0, #32]
 8003570:	6a03      	ldr	r3, [r0, #32]
 8003572:	4313      	orrs	r3, r2
 8003574:	6203      	str	r3, [r0, #32]
 8003576:	4770      	bx	lr
 8003578:	6a03      	ldr	r3, [r0, #32]
 800357a:	f023 0310 	bic.w	r3, r3, #16
 800357e:	6203      	str	r3, [r0, #32]
 8003580:	6a03      	ldr	r3, [r0, #32]
 8003582:	ea43 1302 	orr.w	r3, r3, r2, lsl #4
 8003586:	e7f5      	b.n	8003574 <timer_channel_output_state_config+0x18>
 8003588:	6a03      	ldr	r3, [r0, #32]
 800358a:	f423 7380 	bic.w	r3, r3, #256	@ 0x100
 800358e:	6203      	str	r3, [r0, #32]
 8003590:	6a03      	ldr	r3, [r0, #32]
 8003592:	ea43 2302 	orr.w	r3, r3, r2, lsl #8
 8003596:	e7ed      	b.n	8003574 <timer_channel_output_state_config+0x18>
 8003598:	6a03      	ldr	r3, [r0, #32]
 800359a:	f423 5380 	bic.w	r3, r3, #4096	@ 0x1000
 800359e:	6203      	str	r3, [r0, #32]
 80035a0:	6a03      	ldr	r3, [r0, #32]
 80035a2:	ea43 3302 	orr.w	r3, r3, r2, lsl #12
 80035a6:	e7e5      	b.n	8003574 <timer_channel_output_state_config+0x18>

080035a8 <timer_channel_complementary_output_state_config>:
 80035a8:	2901      	cmp	r1, #1
 80035aa:	d00a      	beq.n	80035c2 <timer_channel_complementary_output_state_config+0x1a>
 80035ac:	2902      	cmp	r1, #2
 80035ae:	d011      	beq.n	80035d4 <timer_channel_complementary_output_state_config+0x2c>
 80035b0:	b979      	cbnz	r1, 80035d2 <timer_channel_complementary_output_state_config+0x2a>
 80035b2:	6a03      	ldr	r3, [r0, #32]
 80035b4:	f023 0304 	bic.w	r3, r3, #4
 80035b8:	6203      	str	r3, [r0, #32]
 80035ba:	6a03      	ldr	r3, [r0, #32]
 80035bc:	431a      	orrs	r2, r3
 80035be:	6202      	str	r2, [r0, #32]
 80035c0:	4770      	bx	lr
 80035c2:	6a03      	ldr	r3, [r0, #32]
 80035c4:	f023 0340 	bic.w	r3, r3, #64	@ 0x40
 80035c8:	6203      	str	r3, [r0, #32]
 80035ca:	6a03      	ldr	r3, [r0, #32]
 80035cc:	ea43 1302 	orr.w	r3, r3, r2, lsl #4
 80035d0:	6203      	str	r3, [r0, #32]
 80035d2:	4770      	bx	lr
 80035d4:	6a03      	ldr	r3, [r0, #32]
 80035d6:	f423 6380 	bic.w	r3, r3, #1024	@ 0x400
 80035da:	6203      	str	r3, [r0, #32]
 80035dc:	6a03      	ldr	r3, [r0, #32]
 80035de:	ea43 2302 	orr.w	r3, r3, r2, lsl #8
 80035e2:	e7f5      	b.n	80035d0 <timer_channel_complementary_output_state_config+0x28>

080035e4 <usart_deinit>:
 80035e4:	b508      	push	{r3, lr}
 80035e6:	4b0c      	ldr	r3, [pc, #48]	@ (8003618 <usart_deinit+0x34>)
 80035e8:	4298      	cmp	r0, r3
 80035ea:	d00d      	beq.n	8003608 <usart_deinit+0x24>
 80035ec:	f503 4374 	add.w	r3, r3, #62464	@ 0xf400
 80035f0:	4298      	cmp	r0, r3
 80035f2:	d110      	bne.n	8003616 <usart_deinit+0x32>
 80035f4:	f240 300e 	movw	r0, #782	@ 0x30e
 80035f8:	f7ff fc35 	bl	8002e66 <rcu_periph_reset_enable>
 80035fc:	f240 300e 	movw	r0, #782	@ 0x30e
 8003600:	e8bd 4008 	ldmia.w	sp!, {r3, lr}
 8003604:	f7ff bc31 	b.w	8002e6a <rcu_periph_reset_disable>
 8003608:	f240 4011 	movw	r0, #1041	@ 0x411
 800360c:	f7ff fc2b 	bl	8002e66 <rcu_periph_reset_enable>
 8003610:	f240 4011 	movw	r0, #1041	@ 0x411
 8003614:	e7f4      	b.n	8003600 <usart_deinit+0x1c>
 8003616:	bd08      	pop	{r3, pc}
 8003618:	40004400 	.word	0x40004400

0800361c <usart_baudrate_set>:
 800361c:	b538      	push	{r3, r4, r5, lr}
 800361e:	4b13      	ldr	r3, [pc, #76]	@ (800366c <usart_baudrate_set+0x50>)
 8003620:	4604      	mov	r4, r0
 8003622:	4298      	cmp	r0, r3
 8003624:	460d      	mov	r5, r1
 8003626:	d017      	beq.n	8003658 <usart_baudrate_set+0x3c>
 8003628:	f503 4374 	add.w	r3, r3, #62464	@ 0xf400
 800362c:	4298      	cmp	r0, r3
 800362e:	d115      	bne.n	800365c <usart_baudrate_set+0x40>
 8003630:	2006      	movs	r0, #6
 8003632:	f7ff fc5d 	bl	8002ef0 <rcu_clock_freq_get>
 8003636:	6822      	ldr	r2, [r4, #0]
 8003638:	086b      	lsrs	r3, r5, #1
 800363a:	0412      	lsls	r2, r2, #16
 800363c:	d510      	bpl.n	8003660 <usart_baudrate_set+0x44>
 800363e:	eb03 0340 	add.w	r3, r3, r0, lsl #1
 8003642:	fbb3 f1f5 	udiv	r1, r3, r5
 8003646:	f3c1 0342 	ubfx	r3, r1, #1, #3
 800364a:	f021 010f 	bic.w	r1, r1, #15
 800364e:	0409      	lsls	r1, r1, #16
 8003650:	0c09      	lsrs	r1, r1, #16
 8003652:	430b      	orrs	r3, r1
 8003654:	60e3      	str	r3, [r4, #12]
 8003656:	bd38      	pop	{r3, r4, r5, pc}
 8003658:	2002      	movs	r0, #2
 800365a:	e7ea      	b.n	8003632 <usart_baudrate_set+0x16>
 800365c:	2000      	movs	r0, #0
 800365e:	e7ea      	b.n	8003636 <usart_baudrate_set+0x1a>
 8003660:	4403      	add	r3, r0
 8003662:	fbb3 f3f5 	udiv	r3, r3, r5
 8003666:	b29b      	uxth	r3, r3
 8003668:	e7f4      	b.n	8003654 <usart_baudrate_set+0x38>
 800366a:	bf00      	nop
 800366c:	40004400 	.word	0x40004400

08003670 <usart_parity_config>:
 8003670:	6803      	ldr	r3, [r0, #0]
 8003672:	f023 0301 	bic.w	r3, r3, #1
 8003676:	6003      	str	r3, [r0, #0]
 8003678:	6803      	ldr	r3, [r0, #0]
 800367a:	f423 63c0 	bic.w	r3, r3, #1536	@ 0x600
 800367e:	6003      	str	r3, [r0, #0]
 8003680:	6803      	ldr	r3, [r0, #0]
 8003682:	430b      	orrs	r3, r1
 8003684:	6003      	str	r3, [r0, #0]
 8003686:	4770      	bx	lr

08003688 <usart_word_length_set>:
 8003688:	6803      	ldr	r3, [r0, #0]
 800368a:	f023 0301 	bic.w	r3, r3, #1
 800368e:	6003      	str	r3, [r0, #0]
 8003690:	6803      	ldr	r3, [r0, #0]
 8003692:	f423 5380 	bic.w	r3, r3, #4096	@ 0x1000
 8003696:	6003      	str	r3, [r0, #0]
 8003698:	6803      	ldr	r3, [r0, #0]
 800369a:	430b      	orrs	r3, r1
 800369c:	6003      	str	r3, [r0, #0]
 800369e:	4770      	bx	lr

080036a0 <usart_stop_bit_set>:
 80036a0:	6803      	ldr	r3, [r0, #0]
 80036a2:	f023 0301 	bic.w	r3, r3, #1
 80036a6:	6003      	str	r3, [r0, #0]
 80036a8:	6843      	ldr	r3, [r0, #4]
 80036aa:	f423 5340 	bic.w	r3, r3, #12288	@ 0x3000
 80036ae:	6043      	str	r3, [r0, #4]
 80036b0:	6843      	ldr	r3, [r0, #4]
 80036b2:	430b      	orrs	r3, r1
 80036b4:	6043      	str	r3, [r0, #4]
 80036b6:	4770      	bx	lr

080036b8 <usart_enable>:
 80036b8:	6803      	ldr	r3, [r0, #0]
 80036ba:	f043 0301 	orr.w	r3, r3, #1
 80036be:	6003      	str	r3, [r0, #0]
 80036c0:	4770      	bx	lr

080036c2 <usart_transmit_config>:
 80036c2:	6803      	ldr	r3, [r0, #0]
 80036c4:	f023 0308 	bic.w	r3, r3, #8
 80036c8:	6003      	str	r3, [r0, #0]
 80036ca:	6803      	ldr	r3, [r0, #0]
 80036cc:	430b      	orrs	r3, r1
 80036ce:	6003      	str	r3, [r0, #0]
 80036d0:	4770      	bx	lr

080036d2 <usart_receive_config>:
 80036d2:	6803      	ldr	r3, [r0, #0]
 80036d4:	f023 0304 	bic.w	r3, r3, #4
 80036d8:	6003      	str	r3, [r0, #0]
 80036da:	6803      	ldr	r3, [r0, #0]
 80036dc:	430b      	orrs	r3, r1
 80036de:	6003      	str	r3, [r0, #0]
 80036e0:	4770      	bx	lr

080036e2 <usart_data_transmit>:
 80036e2:	f3c1 0108 	ubfx	r1, r1, #0, #9
 80036e6:	6281      	str	r1, [r0, #40]	@ 0x28
 80036e8:	4770      	bx	lr

080036ea <usart_data_receive>:
 80036ea:	6a40      	ldr	r0, [r0, #36]	@ 0x24
 80036ec:	f3c0 0008 	ubfx	r0, r0, #0, #9
 80036f0:	4770      	bx	lr
	...

080036f4 <_init>:
 80036f4:	b5f8      	push	{r3, r4, r5, r6, r7, lr}
 80036f6:	bf00      	nop
 80036f8:	bcf8      	pop	{r3, r4, r5, r6, r7}
 80036fa:	bc08      	pop	{r3}
 80036fc:	469e      	mov	lr, r3
 80036fe:	4770      	bx	lr

08003700 <_fini>:
 8003700:	b5f8      	push	{r3, r4, r5, r6, r7, lr}
 8003702:	bf00      	nop
 8003704:	bcf8      	pop	{r3, r4, r5, r6, r7}
 8003706:	bc08      	pop	{r3}
 8003708:	469e      	mov	lr, r3
 800370a:	4770      	bx	lr
